Brand,Name,Number,Address,Store Type,Contact
COLES,OASIS PALMS,219,15 Temple Terrace  Palmerston 830 NT ,Retail,08 8998 4700
COLES,DIANELLA,256,Shop 66  Dianella Plaza  366 Grand Promenade  Dianella 6059 WA ,Retail,08 9267 6700
COLES,HALLS HEAD,257,Centro Halls Head SC  18 Guava Way  Halls Head 6059 WA ,Retail,08 9586 5100
COLES,BANKSIA GROVE,260,1001 Joondalup Drive  Banksia Grove  6031 WA ,Retail,08 9406 2800
COLES,CAVERSHAM,262,Caversham Shopping Centre  Suffolk Street  Caversham 6055 WA ,Retail,08 6165 5900
COLES,BYFORD,263,20 Abernethy Road  Byford 6122 WA ,Retail,02 8797 9600
COLES,VASSE,268,18 Napoleon Promenade  Vasse 6280 WA ,Retail,08 9730 1800
COLES,SUBIACO,270,44 Station Street  Subiaco  6008 WA ,Retail,08 6557 1900
COLES,MIDLAND,278,Midland Gate Shopping Centre  274 Great Eastern Hwy  Midland 6056 WA ,Retail,08 6247 0100
COLES,HAYNES,282,Haynes Shopping Centre  Lot 700 Eighhth Road  Armadale 6112 WA ,Retail,08 9393 1500
COLES,HIGH WYCOMBE,285,Kalamunda Road  High Wycombe 6057 WA ,Retail,08 6272 8600
COLES,BALDIVIS,287,26 Safety Bay Road  Baldivis 6171 WA ,Retail,08 9523 3000
COLES,WANNEROO,289,Wanneroo Road  Wanneroo 6056 WA ,Retail,08 9306 7400
COLES,BRIGHTON,290,Kingsbridge Boulevard  Butler 6036 WA ,Retail,08 9562 0965
COLES,BUSSELTON,291,Prince Street  Busselton 6280 WA ,Retail,TBA
COLES,WEST LEEDERVILLE,292,Cambridge Street  West Leederville 6007 WA ,Retail,08 6380 3100
COLES,PINJARRA,293,George Street  Pinjarra 6208 WA ,Retail,08 9531 7800
COLES,SOUTHERN RIVER,294,Ranford Road  Southern River 6110 WA ,Retail,08 9398 6499
COLES,SOUTH PERTH,296,Angelo Street  South Perth 6151 WA ,Retail,08 9474 2722
COLES,DUNSBOROUGH,297,107 Dunn Bay Road  Dunsborough 6281 WA ,Retail,08 9350 4200
COLES,INNALOO,298,Scarborough Beach Road  Innaloo 6018 WA ,Retail,08 9446 9300
COLES,CLAREMONT,299,Bayview Terrace  Claremont 6010 WA ,Retail,08 9286 7600
COLES,OCEAN KEYS,300,Ocean Keys Boulevard  Clarkson 6030 WA ,Retail,TBA
COLES,FLOREAT,302,Floreat Forum Shopping Centre  Shop 38 Howtree Place  Floreat 6104 WA ,Retail,08 9387 5655
COLES,GREENWOOD,303,Greenwood Village Shopping Centre  Calectasia Street  Greenwood 6024 WA ,Retail,08 9448 9699
COLES,NORANDA,305,Cnr Benara Road & McGilvray Avenue  Noranda 6062 WA ,Retail,TBA
COLES,FORREST LAKES,306,Shop 1Cnr Murdoch Drive & Forrest Lakes Drive  Thornlie 6108 WA ,Retail,08 9493 2429
COLES,MARGARET RIVER,310,Bussell Highway  Margaret River 6285 WA ,Retail,08 9757 9933
COLES,MANDURAH FORUM,311,Mandurah Forum Shopping CentreCnr Pinjarra Road & Mandurah Road  Mandurah 6210 WA ,Retail,08 9581 3244
COLES,KALGOORLIE,312,Wilson Street  Kalgoolie 6430 WA ,Retail,08 9021 8466
COLES,KARRATHA,313,Karratha City Shopping Centre Welcome Road  Karratha 6714 WA ,Retail,08 9185 4633
COLES,MIRRABOOKA,314,Cnr Yirrigan Road & Ferrier Road  Mirrabooka 6061 WA ,Retail,8 9345 5011
COLES,DONNYBROOK,317,Preston Village  38th Street & Western Highway  Donnybrook 6239 WA ,Retail,TBA
COLES,LEINSTER,318,Leinster Shopping Centre Mansbridge Street  Leinster 6437 WA ,Retail,TBA
COLES,HARVEY,319,Uduc Road  Harvey 6220 WA ,Retail,03 9523 7457
COLES,WAROONA,320,Fouraore Street  Waroona 6215 WA ,Retail,Unknown
COLES,CAROUSEL,322,Carousel Shopping Centre  Albany Highway  Cannington 6107 WA ,Retail,08 9451 4106
COLES,CHINATOWN,324,Cnr Carnarvon Street & Short Street  Broome 6725 WA ,Retail,08 9193 6299
COLES,KUNUNURRA,325,Konkerberry Drive  Kununurra 6743 WA ,Retail,08 9168 2711
COLES,AUSTRALIND,327,Australind Shopping Centre Cnr Old Coast Road & Paris Road  Australind 6233 WA ,Retail,08 9797 1204
COLES,TOM PRICE,328,Central Road  Tom Price 6751 WA ,Retail,08 9189 1212
COLES,WARNBRO,329,Warnbro Sound Avenue  Warnbro 6169 WA ,Retail,08 9593 0022
COLES,MUNDARING,330,Cnr Great Eastern Highway & Stoneville Road  Mundaring 6073 WA ,Retail,08 9295 1297
COLES,KALGOOLIE,331,Hannans Boulevard Shopping Centre Graeme Street  Kalgoolie 6430 WA ,Retail,08 9021 4433
COLES,BOORAGOON,332,Cnr Almondbury Road & Risely & Davey Street  Booragoon 6154 WA ,Retail,08 9315 1457
COLES,SOUTH LAKES,333,Cnr Forest Road & Omeo Street  Yangebup 6164 WA ,Retail,8 9417 8566
COLES,MORLEY,334,Collier Road  Morley 6062 WA ,Retail,8 9375 3677
COLES,JOONDALUP,335,Cnr Joondalup Drive & Collier Street  Joondalup 6027 WA ,Retail,08 9300 3699
COLES,BELDON,336,Beldridge Shopping Centre  Ocean Reef Road  Beldon 6025 WA ,Retail,08 9307 8400
COLES,MADDINGTON,337,Maddington Metro Shopping Centre Attfield Street  Maddington 6109 WA ,Retail,08 9459 5033
COLES,WARWICK GROVE,338,Warwick Grove Shopping CentreCnr Erindale Road & Beach Road  Warwick 6024 WA ,Retail,8 9447 6222
COLES,BUNBURY,339,Cnr Blair Street & Stephen Street  Bunbury 6230 WA ,Retail,08 9721 1800
COLES,PARK CENTRE,340,Albany Highway  Victoria Park East 6101 WA ,Retail,08 9472 3299
COLES,FREMANTLE,342,Woolstores Shopping Centre Cnr Cantonement Street & Goldsborough Street  Fremantle 6160 WA ,Retail,08 9430 4855
COLES,ARMADALE,343,Armadale Shopping Centre  Jull Street  Armadale 6112 WA ,Retail,08 9399 6888
COLES,NORANDA SQUARE,344,Noranda Square Shopping Centre Benara Road  Norand 6062 WA ,Retail,8 9275 3244
COLES,KELMSCOTT,345,Cnr Albany Highway & Gilwell Street  Kelmscott 6111 WA ,Retail,08 9390 9333
COLES,FLINDERS SQUARE,347,Flinders Square Shopping Centre Cnr Wiluna Road & Flinders Road  Stuart Hill 6060 WA ,Retail,08 9443 1422
COLES,ERSKINE,348,Wattleglen Avenue  Erskine 6155 WA ,Retail,08 9534 8656
COLES,GERALDTON,350,Northgate Shopping Centre17 Chapman Road  Geraldton 6530 WA ,Retail,08 9921 6598
COLES,MELVILLE,352,Cnr Waddell Road & Canning Highway  Melville 6156 WA ,Retail,08-9339 5711
COLES,FORRESTFIELD,353,Forrestfield Shopping Centre Strelitzia Avenue  Forrestfield 6058 WA ,Retail,08 9453 1666
COLES,KARAWARA,356,Village Green Shopping Centre  Kent Street  Karawara 6152 WA ,Retail,08 9450 5211
COLES,NORTH PERTH,357,North Perth Plaza Shopping CentreCnr View Street & Fitzgerald Street  North Perth 6006 WA ,Retail,8 9328 3911
COLES,BURRENDAH,358,Cnr Burrendah Boulevard & Pinetree Gully Road  Burrendah 6155 WA ,Retail,08 9332 3033
COLES,MEADOW SPRINGS,362,904 Meadow Springs Avenue  Meadow Springs 6210 WA ,Retail,08 3581 9122
COLES,BEECHBORO,363,Carremer Shopping Centre Cnr Beechboro Road & Benara Road  Beechboro 6063 WA ,Retail,08 9377 2333
COLES,ALBANY,364,38-56 Albany Road  Albany 6330 WA ,Retail,08 9841 6238
COLES,ALEXANDER HEIGHTS,365,Alexander Heights Shopping Centre Cnr Mirrabooka Avenue & Griffon Way  Alexander Heights 6064 WA ,Retail,08 9343 0099
COLES,ROCKINGHAM,370,Rockingham City Shopping Centre Read Street  Rockingham 6168 WA ,Retail,8 9592 2288
COLES,HILLARYS,371,Flinders Avenue  HIillarys 6025 WA ,Retail,08 9402 5000
COLES,COLLIE,373,Collie Boulevard  Collie 6225 WA ,Retail,TBA
COLES,OCEAN KEYS,375,Shop 50 Ocean Keys Boulevard  Clarkson 6030 WA ,Retail,08 9407 7811
COLES,BALCATTA,378,Northlands Plaza Shopping Centre Cnr Wanneroo Road & Amelai Street  Balcatta 6021 WA ,Retail,08 9349 7888
COLES,MAYLANDS,379,Guildford Road  Maylands 6051 WA ,Retail,8 9272 1988
COLES,SCARBOROUGH,380,Scarborough Shopping CentreCnr Scarborough Beach Road & West Coast Highway  Scarborough 6019 WA ,Retail,8 9341 6333
COLES,NORTH ARMADALE,381,Cnr Champion Drive & Seville Drive  North Armadale 6112 WA ,Retail,08 9399 8011
COLES,INGLEWOOD,383,Inglewood Shopping Centre  Salisbury Street  Inglewood 6053 WA ,Retail,08 9272 2344
COLES,GOSNELLS,384,Gosnells Shopping Centre  Albany Highway  Godnells 6110 WA ,Retail,08 9490 2118
COLES,SOUTH HEDLAND,385,South Hedland Shopping Centre Cnr Colebatch Way & Ranson Court  South Hedland 6722 WA ,Retail,08 9172 1922
COLES,GARDEN CITY,386,Risely Street  Booragoon 6154 WA ,Retail,TBA
COLES,MANJIMUP,388,Manjimup Shopping CentreCnr Rose Street & Ispen Street  Manjimup 6258 WA ,Retail,08 9771 1144
COLES,COLLIE,390,Collie Shopping Centre 49 Johnston Street  Collie 6225 WA ,Retail,08 9734 1633
COLES,KARDINYA,391,Kardinya Park Shopping Centre Cnr Albert Street & South Street  Kardinya 6163 WA ,Retail,08 9337 4077
COLES,MOSMAN PARK,392,Mosman Park Shopping Centre  Harvey Street  Mosman Park 6012 WA ,Retail,08 9384 0644
COLES,GIRRAWHEEN,393,Girrawheen Shopping Centre Marangaroo Drive  Girrawheen 6064 WA ,Retail,08 9342 3222
COLES,KALAMUNDA,394,Cnr Central Road & Mead Street  Kalamunda 6076 WA ,Retail,08 9293 3099
COLES,BASSENDEAN,395,Bassendean Shopping Centre Cnr West Road & Guilford Road  Bassendean 6054 WA ,Retail,08 9279 9800
COLES,NARROGIN,396,Cnr Ensign Street & Earl Street  Narrogin 6312 WA ,Retail,8 9881 1844
COLES,SWANVIEW,398,Swanview Shopping Centre  Salisbury Avenue  Swanview 6056 WA ,Retail,08 9294 1033
COLES,BUNBURY SOUTH,399,Crosslands Shopping Centre Cnr Kenny Street & Brittain Road  Bunbury South 6230 WA ,Retail,08 9721 5655
COLES,FIRLE,401,Firle Plaza Shopping CentreCnr Glyburn Road & Shelley Street  Firle 5070 SA ,Retail,08 8332 2222
COLES,FINDON,403,Findon Shopping CentreCnr Grange Road & Findon Road  Findon 5023 SA ,Retail,08 8356 6677
COLES,CASUARINA,404,Casuarina Square Shopping Centre Cnr Dripstone Road & Trower Road  Casuarina 810 NT ,Retail,08 8927 9055
COLES,KURRALTA PARK,406,Anzac Highway  Kurralta Park 5037 SA ,Retail,08 8293 4807
COLES,DERNANCOURT,408,Dernancourt Village Shopping Centre Lower North East Road  Dernancourt 5075 SA ,Retail,08 8337 0444
COLES,ST AGNES,414,St Agnes Shopping Centre Main North East Road  St Agnes 5097 SA ,Retail,8 8264 4444
COLES,ALICE SPRINGS,418,Alice Springs Shopping Centre Cnr Gregory Terrace Street & Bath Street  Alice Springs 870 NT ,Retail,08 8952 5166
COLES,PARKHOLME,419,Parkholme Shopping Centre  Oaklands Road  Parklands 5043 SA ,Retail,08 8276 5468
COLES,GLENELG,420,Nile Street  Glenelg 5045 SA ,Retail,08 8294 4888
COLES,INGLE FARM,423,Ingle Farm Shopping Centre Motague Street  Ingle Farm 5098 SA ,Retail,08 8264 4644
COLES,WELLAND,429,Welland Plaza Shopping Centre Port Road  Welland 5007 SA ,Retail,08 8340 0515
COLES,UNLEY,430,Unley Shopping Centre  Unley Road  Unley 5061 SA ,Retail,08 8272 8900
COLES,GROTE ST,435,Grote Street  Adelaide 5000 SA ,Retail,08 8231 6683
COLES,REYNELLA,436,Cnr Sherriffs Road & Hilliers Road  Reynella 5162 SA ,Retail,8 8382 2666
COLES,COLONNADES,437,Colonnades Shopping Centre Beach Road  Noarlunga 5168 SA ,Retail,08 8384 1799
COLES,SALISBURY DOWNS,439,Hollywood Plaza Shopping Centre  Windsor Street  Salisbury Downs 5108 SA ,Retail,08 8250 4044
COLES,PORT LINCOLN,440,Liverpool Street  Port Lincoln 5606 SA ,Retail,02 8682 2700
COLES,PORT PIRIE,442,Pirie Plaza Shopping Centre  Grey Terrace  Port Pirie 5540 SA ,Retail,08 8632 4066
COLES,GAWLER,444,Northern Market Shopping CentreCnr Murray Street & Cowan Street  Gawler 5118 SA ,Retail,08 8522 4643
COLES,BRIDGEWATER,445,Bridgewater Village Shopping Centre  Carey Gulley Road  Bridgewater 5155 SA ,Retail,08 8339 5277
COLES,NEWTON,446,Newton Shopping CentreCnr Montacute Road & Stradbroke Road  Newton 5074 SA ,Retail,8 8336 6999
COLES,BLACKWOOD,447,Cnr Main Road & Young Street  Blackwood 5051 SA ,Retail,08 8278 8233
COLES,ST PETERS,448,The Avenue Shopping CentreCnr Payneham Road & Nelson Street  St Peters 5069 SA ,Retail,08 8362 6385
COLES,PALMERSTON,450,Palmerston Shopping Centre Cnr Temple Terrace & Chung Wah Terrace  Palmerston 830 NT ,Retail,08 8932 1222
COLES,BERRI,451,Riverland Plaza Shopping Centre  Kay Avenue  Berri 5343 SA ,Retail,08 8582 2088
COLES,EDWARDSTOWN,452,Castle Plaza Shopping Centre 992 South Road  Edwardstown 5039 SA ,Retail,08 8277 9744
COLES,BURNSIDE VILLAGE,453,Burnside Village Shopping Centre  Portbush Road  Glenside 5065 SA ,Retail,08 8379 0161
COLES,WEST LAKES,455,West Lakes Shopping CentreCnr West Lakes Boulevard & Turner Drive  West Lakes 5021 SA ,Retail,8 8356 7199
COLES,PORT AUGUSTA,456,Cnr Jervois Street & Marryatt Street  Port Augusta 5700 SA ,Retail,08 8641 1700
COLES,MARION,458,Marion Shopping Centre Cnr Diagonal Street & Sturt Street  Marion 5043 SA ,Retail,08 8358 1288
COLES,TEA TREE PLAZA,459,Westfield Tee Tree Plaza Shopping Centre North East Road  Modbury 5092 SA ,Retail,8 8395 8200
COLES,DARWIN,460,Mitchell Street  Darwin 800 NT ,Retail,(08) 8941-8055
COLES,PROSPECT,461,Prospect Road  Prospect 5082 SA ,Retail,08 8342 8400
COLES,ELIZABETH,462,Elizabeth City Shopping Centre  Elizabeth Way & Phillip Highway  Elizabeth 5112 SA ,Retail,08-8252 8655
COLES,RIVERTON,465,353-361 High Road  Parkwood 6147 WA ,Retail,08 9253 4100
COLES,NORWOOD,466,The Parade  Norwood 5067 SA ,Retail,08 8332 1755
COLES,NORTH PARK ,471,Main North Road  Prospect 5082 SA ,Retail,TBA
COLES,NORTH LAKES,472,North LakesCnr Links Road & McMillans Road  Marrara 812 NT ,Retail,08 8927 8011
COLES,ORANA,478,Le Grande Shopping Centre  Lot 401 Albany Highway  Albany 6330 WA ,Retail,08 6819 7100
COLES,RAINE SQUARE,481,300 Murray Street  Raine Square 6000 WA ,Retail,08 9485 4100
COLES,RICHMOND SOUTH,482,188-196 Swan Street  Richmond 3121 VIC ,Retail,03 8520 6700
COLES,ELLENBROOK,485,Main Street  Ellenbrook 6069 WA ,Retail,08 9297 0100
COLES,COOLALINGA,486,425 Stuart Highway  Coolalinga 839 NT ,Retail,08 8252 1233
COLES,KWINANA,488,4 Chisham Avenue  Kwinana 6167 WA ,Retail,08 6399 8800
COLES,WHITFORD,489,Westfield Whitford City Shopping Centre  Shop 125 Whitford Avenue  Hillarys 6025 WA ,Retail,TBA
COLES,GATEWAY,490,Cockburn Gateway Shopping Centre  Shop M2 Lot 182 Beeliar Drive  Success 6164 WA ,Retail,08 9494 3100
COLES,NORTHAM,492,10 Beamish Avenue  Northam 6401 WA ,Retail,08 95875700
COLES,EATON FAIR,493,Eaton Fair Shopping Centre  10 Council Drive   Eaton 6232 WA ,Retail,TBA
COLES,BEELIAR,494,8 Durnin Avenue  Beeliar 6164 WA ,Retail,08 6595 5300
COLES,ALEXANDRIA ONLINE SUPERMARKET,496,23 O'Riordan Street  Alexandria 2015 NSW ,Retail,02 8974 5200
COLES,PORT ADELAIDE,499,Old Port Canal Shopping Centre Cnr Church Street & Leadenhall Street  Port Adelaide 5015 SA ,Retail,08 8341 2812
COLES,BELMONT,501,65 High Street  Belmont 3216 VIC ,Retail,03 5243 3644
COLES,BOX HILL,503,Whitehorse Plaza Shopping Centre  Shop 1 Clisby Court  Box Hill 3128 VIC ,Retail,03 9897 1055
COLES,PINEWOOD,504,Pinewood Centreway Shopping Centre  Blackburn Road  Mt Waverley 3149 VIC ,Retail,03 9802 0254
COLES,DIAMOND CREEK,506,Main Hurstbridge Road  Diamond Creek 3089 VIC ,Retail,03 9438 1999
COLES,TOORONGA VILLAGE,507,Tooronga Road  Glen Iris 3146 VIC ,Retail,03 8823 6300
COLES,THE GLEN,508,The Glen Shopping Centre Cnr High Street & Springvale Road  Glen Waverley 3150 VIC ,Retail,03 9802 1140
COLES,CROYDON NORTH,510,Cnr Exeter Road & Maroondah Highway  Croydon North 3136 VIC ,Retail,03 9726 8266
COLES,CORIO ,511,Corio Village Shopping Centre Cnr Bacchus Marsh Road & Purnell Road  Corio 3214 VIC ,Retail,03 5275 2951
COLES,SOUTH MELBOURNE,512,Coventry Street  South Melbourne 3205 VIC ,Retail,03 9699 1077
COLES,BULLEEN,514,Bulleen Village Shopping Centre  Manningham Road  Bulleen 3105 VIC ,Retail,03 9850 5816
COLES,POINT COOK,516,Sanctuary Lakes Shopping Centre  Shop 1Cnr Point Cook Road & Jamieson Way  Point Cook 3030 VIC ,Retail,03 9395 3850
COLES,KARINGAL,518,Shop 13 Ashleigh Avenue & Falm Street  Karingal 3199 VIC ,Retail,03 8790 8444
COLES,MELTON WEST,519,Melton Regional Shopping Centre Cnr Western Highway & Coburns Road  Melton West 3337 VIC ,Retail,03 9743 6288
COLES,PAKENHAM,520,Village Lakeside Lakeside Boulevard  Pakenham 3180 VIC ,Retail,03 5940 1258
COLES,GLENFERRIE,522,Glenferrie Road  Glenferrie 3122 VIC ,Retail,03 9818 1234
COLES,AVONDALE HEIGHTS,523,Military Road  Avondale Heights 3034 VIC ,Retail,03 9317 5999
COLES,THE PINES,524,Reynolds Road  East Doncaster 3109 VIC ,Retail,(03) 9841 0146
COLES,MITCHAM,526,Cnr Britannia Street & Victoria Street  MIitcham 3132 VIC ,Retail,03 9874 8066
COLES,TARNEIT,527,Sayers Road  Tarneit 3030 VIC ,Retail,03 8742 8111
COLES,FERNTREE GULLY,528,Mountain Gate Shopping Centre  Ferntree Gully Road  Ferntree Gully 3156 VIC ,Retail,03 9758 5432
COLES,ALTONA,530,Cnr Pier Street & Queen Street  Altona 3018 VIC ,Retail,03 9398 3754
COLES,PATTERSON LAKES,531,Shop 1Cnr Gladesville Boulevard & Thompson Road  Patterson Lakes 3197 VIC ,Retail,TBA
COLES,CLAYTON,536,Centre Road  Clayton 3168 VIC ,Retail,03 9544 9530
COLES,POINT COOK,537,Shop M01  Point Cook 3030 VIC ,Retail,03 9394 2300
COLES,LEOPOLD,538,Gateway Plaza Shopping Centre Bellarine Highway  Leopold 3228 VIC ,Retail,03 5250 2183
COLES,BRANDON PARK,540,Brandon Park Shopping Centre  Ferntree Gully Road  Mulgrave 3170 VIC ,Retail,03 9560 5645
COLES,MCCRAE,541,729 Pt Nepean Road  McCrae 3938 VIC ,Retail,03 5986 2833
COLES,WILLIAMSTOWN,542,29 Douglas Parade  Williamstown 3016 VIC ,Retail,03 9397 7276
COLES,BERWICK ,544,Eden Rise S.C 95  Berwick South 3806 VIC ,Retail,03 9703 9300
COLES,WARRINGAL MALL,545,Warringal Mall Shopping Centre  Shop 1 Burgundy Street  Heidleberg 3084 VIC ,Retail,03 9459 7011
COLES,MENTONE,546,Cnr Mentone Parade & Brendise Street  Mentone 3194 VIC ,Retail,03 9585 0800
COLES,WARRAGUL,547,Centre Point Shopping Centre  Palmerston Street  Warragul 3820 VIC ,Retail,03 5623 2237
COLES,BAIRNSDALE,548,Main Street  Bairnsdale 3875 VIC ,Retail,03 5152 2743
COLES,NOBLE PARK,549,Noble Park Shopping Centre  Douglas Street  Noble Park 3174 VIC ,Retail,03 9546 5244
COLES,CAMPBELLFIELD,550,Cnr Sydney Road & Mahoneys Road  Campbellfield 3061 VIC ,Retail,03 9359 6111
COLES,KILMORE ,552,Cnr Sydney Street & Clarke Street  Kilmore 3764 VIC ,Retail,03 5734 3001
COLES,WAVERLEY GARDENS ,553,Cnr Police Road & Jacksons Road  Mulgrave 3170 VIC ,Retail,03 9548 2600
COLES,CAROLINE SPRINGS ,554,Cnr Lake Street & Caroline Street  Caroline Springs 3023 VIC ,Retail,03 8361 8944
COLES,MANOR LAKES,556,Manor Lakes Shopping CentreManor Lakes Boulevard  Wyndham Vale 3024 VIC ,Retail,03 9742 0222
COLES,CAIRNLEA,558,Furlong Road  Cairnlea 3023 VIC ,Retail,03 9361 9800
COLES,WEST END PLAZA (SPENCER STREET),559,Spencer Street  Docklands 3008 VIC ,Retail,03 9600 2899
COLES,CAMBERWELL,560,Burke Road  Camberwell 3122 VIC ,Retail,03 9805 8900
COLES,MORWELL,561,George Street  Morwell 3840 VIC ,Retail,03 5134 2544
COLES,DAYLESFORD,562,Cnr Albert Street & Bridport Street  Daylesford 3460 VIC ,Retail,03 5348 2117
COLES,WARRNAMBOOL,563,Gateway Plaza Raglan Street  Warrnambool 3280 VIC ,Retail,03 5561 3144
COLES,BALWYN NORTH,565,Doncaster Road  Balwyn North 3104 VIC ,Retail,03 9859 1221
COLES,BROADMEDOWS,569,Broadmeadows Town Centre Pascoe Vale Road  Broadmeadows 3047 VIC ,Retail,03 9302 4015
COLES,MOOROOLBARK,570,Mooroolbark Shopping Centre  Brice Avenue  Mooroolbark 3138 VIC ,Retail,03 9726 8744
COLES,BALACLAVA,571,Cnr Camden Street & Alfred Street  Balaclava 3183 VIC ,Retail,03 9525 3055
COLES,PRAHRAN,573,Chapel Street  Prahran 3181 VIC ,Retail,03 9510 1510
COLES,SWANHILL,574,Beveridge Street & McCrae Street  Swan Hill 3585 VIC ,Retail,03 5032 3500
COLES,MALVERN,575,Glenferrie Road  Malvern 3144 VIC ,Retail,03 9509 8455
COLES,DONCASTER,578,Doncaster Shopping Centre Cnr Doncaster Road & Williamsons Road  Doncaster 3108 VIC ,Retail,03 9848 7111
COLES,SEBASTOPOL,580,Albert Street  Sebastopol 3356 VIC ,Retail,03 5335 9267
COLES,CLAYTON,581,Cooke Street  Clayton 3168 VIC ,Retail,03 9544 8995
COLES,ESSENDON FIELDS,582,English Street  Essendon Airport 3041 VIC ,Retail,TBA
COLES,FITZROY,583,Johnston Street  Fitzroy 3065 VIC ,Retail,03 9415 2100
COLES,BURWOOD EAST,584,Shop M5 Burwood Highway  Burwood East 3151 VIC ,Retail,03 9847 8300
COLES,UNIVERSITY HILL,585,Plenty Road  Bundoora 3083 VIC ,Retail,03 9466 7511
COLES,SOMERVILLE,591,Eramosa Road  West Somerville 3192 VIC ,Retail,03 5973 1500
COLES,COBURG,592,Sydney Road  Coburg 3058 VIC ,Retail,03 9350 2322
COLES,MILDURA,594,Eighth Street  Mildura 3500 VIC ,Retail,03 5023 3821
COLES,BENTLEIGH,595,Vickery Street  Bentleigh 3204 VIC ,Retail,03 9557 5891
COLES,NORTHPOINT,596,Northpoint Shopping Centre Hopkins Highway  North Warnambool 3280 VIC ,Retail,03 5559 0700
COLES,IVANHOE,597,Ivanhoe Plaza Shopping Centre  Livingston Street  Ivanhoe 3079 VIC ,Retail,03 9497 4611
COLES,RESERVOIR,599,Spring Street  Reservoir 3073 VIC ,Retail,03 9460 1522
COLES,BORONIA,601,Boronia Shopping Centre Cnr Floriston Road & Turner Road  Boronia 3155 VIC ,Retail,03 9762 4476
COLES,MELBOURNE CENTRAl,602,Latrobe Street  Melborne 3000 VIC ,Retail,03 9663 5245
COLES,HERITAGE SPRINGS,603,Cnr Henry Road & McGregor Road  Pakenham 3810 VIC ,Retail,03 5945 7000
COLES,LALOR,604,May Street  Lalor 3075 VIC ,Retail,03 9465 5911
COLES,GISBORNE,606,Aitken Street  Gisborne 3437 VIC ,Retail,03 5428 3922
COLES,GREENVALE,608,Greenvale Drive  Greenvale 3059 VIC ,Retail,03 9333 9444
COLES,DONVALE,609,Tunstall Square Shopping Centre Cnr Doncaster Road & Tunstall Road  Donvale 3109 VIC ,Retail,03 9842 6558
COLES,KILSYTH,611,Mt Dandenong Road  Kilsyth 3137 VIC ,Retail,03 9725 5655
COLES,DERRIMUT VILLAGE,613,Mt Derrimut Road  Derrimut 3030 VIC ,Retail,03 8361 3400
COLES,HORSHAM,615,Cnr Darlot Street & Roberts Avenue  Horsham 3400 VIC ,Retail,03 5832 4566
COLES,WENDOUREE,616,Wendouree Village Shopping Centre Cnr Gilles Street & Norman Street  Wendouree 3355 VIC ,Retail,03 5339 5077
COLES,LAVINGTON,617,Border Shopping Centre Cnr Griffith Road & Urana Road  Lavington 2641 NSW ,Retail,03 6025 4877
COLES,ALTONA GATE,618,Altona Gate Shopping Centre Cnr Millers Road & Duosa Road  Altona North 3025 VIC ,Retail,03 9314 2330
COLES,ECHUCA,620,Cnr Darling Street & Hare Street  Echuca 3564 VIC ,Retail,03 5482 3666
COLES,CRANBOURNE WEST,621,Cnr Duff Street & Monehans Road  Cranbourne West 3977 VIC ,Retail,TBA
COLES,CHIRNSIDE PARK,622,Chirnside Park Shopping Centre  Maroondah Highway  Chirnside Park 3116 VIC ,Retail,03 9726 5923
COLES,KEYSBOROUGH,625,Parkmore Keysborough Shopping Centre  Cheltenham Road  Keysborough 3173 VIC ,Retail,03 9798 6990
COLES,MOE,626,Albert Street  Moe 3825 VIC ,Retail,03 5127 4346
COLES,NORTHCOTE,627,Northcote Plaza Shopping Centre  Separation Street  Northcote 3070 VIC ,Retail,03 9489 0699
COLES,BALLARAT,628,Peel Street  Ballarat 3350 VIC ,Retail,03 5331 6411
COLES,DROUIN,629,Hope Street  Drouin 3818 VIC ,Retail,03 5625 1004
COLES,CROYDON,630,Croydon Market Shopping Centre Cnr Kent Avenue & Wicklow Avenue  Croydon 3136 VIC ,Retail,03 9725 3122
COLES,BRUNSWICK,631,Barkly Square Shopping Centre  Barkly Street  Brunswick 3056 VIC ,Retail,03 9387 6122
COLES,CAULFIELD,632,Caulfield Plaza Shopping Centre Cnr Dandenong Road & Derby Road  Caulfield 3162 VIC ,Retail,03 9571 0311
COLES,CENTRO WODONGA,636,Wodonga Plaza Shopping CentreCnr Elgin Street & Watson Street  Wodonga 3690 VIC ,Retail,02 60245588
COLES,RINGWOOD,637,Ringwood Square Shopping Centre Cnr Maroondah Highway & New Street  Ringwood 3134 VIC ,Retail,03 9879 4122
COLES,BENDIGO,638,Cnr Williamson Street & Myer Street  Bendigo 3550 VIC ,Retail,03 5443 6311
COLES,GLENROY,639,Cnr Glenroy Road & Morgan Court  Glenroy 3046 VIC ,Retail,03 9306 3411
COLES,HASTINGS,640,Cnr Church Street & Victoria Street  Hastings 3915 VIC ,Retail,03 5979 1303
COLES,SANDRINGHAM,641,Cnr Waltham Street & Abbots Street  Sandringham 3191 VIC ,Retail,03 9598 0666
COLES,CHADSTONE,643,Chadstone Shopping Centre Cnr Dandenong Road & Chadstone Road  Chadstone 3148 VIC ,Retail,03 9568 2311
COLES,OAKLEIGH,645,Station Square Shopping Centre Cnr Hanover Street & Portman Street  Oakleigh 3166 VIC ,Retail,03 9563 2180
COLES,PORT MELBOURNE,646,Cnr Bay Street & Liardet Street  Port Melbourne 3207 VIC ,Retail,03 9646 3488
COLES,FOREST HILL,647,Forest Hill Shopping Centre Cnr Mahoneys Road & Canterbury Road  Forest Hill 3131 VIC ,Retail,03 9894 2344
COLES,SUNBURY,648,Cnr Evans Road & Riddell Road  Sunbury 3429 VIC ,Retail,03 9740 9099
COLES,KEILOR,649,Keilor Downs Plaza Shopping Centre  Taylors Road  Keilor Downs 3038 VIC ,Retail,03 9367 9133
COLES,KNOX,650,Knox City Shopping Centre Cnr Burwood Highway & Stud Road  Wantirna South 3152 VIC ,Retail,03 9801 5297
COLES,ENDEAVOUR HILLS,651,Endeavour Hills Shopping Centre  Matthew Flinders Avenue  Endeavour Hills 3802 VIC ,Retail,03 9706 2488
COLES,FRANKSTON,652,Cnr Keys Street & Ross Smith Avenue  Frankston 3199 VIC ,Retail,03 9783 9200
COLES,EPPING,654,Cnr High Street & Cooper Street  Epping 3076 VIC ,Retail,03 9401 3722
COLES,BRIGHTON,656,Church Street  Brighton 3186 VIC ,Retail,03 9530 5518
COLES,GREENSBOROUGH,657,Greensborough Plaza  25 Main Street  Greensborough 3088 VIC ,Retail,03 9432 0699
COLES,BIRALLEE PARK,658,Melrose Drive  Wodonga West 3690 VIC ,Retail,02 6059 5142
COLES,DANDENONG,660,Dandenong Plaza Shopping Centre Cnr Stud Road & Clow Street  Dandenong 3175 VIC ,Retail,03 9791 9700
COLES,LILYDALE,662,Main Way  Lilydale 3140 VIC ,Retail,03 9739 7488
COLES,LAVERTON,663,Cnr Central Avenue & Merton Street  Laverton 3028 VIC ,Retail,03 9360 7011
COLES,OCEAN GROVE,665,The Terrace  Ocean Grove 3226 VIC ,Retail,03 5255 5101
COLES,MOONEE PONDS,667,Mt Alexander Road  Moonee Ponds 3039 VIC ,Retail,03 9326 1411
COLES,ST KILDA,668,Acland Street  St Kilda 3182 VIC ,Retail,03 9534 2511
COLES,SOUTHLAND,669,Westfield Southland Shopping Centre  Nepean Highway  Cheltenham 3192 VIC ,Retail,03 9585 6366
COLES,LANGWARRIN,670,Cnr Frankston/Cranbourne Road & Southgate Way  Langwarren 3910 VIC ,Retail,03 9785 9521
COLES,MELBOURNE CBD EXPRESS,671,Cnr Elizabeth Street & Flinders Street  Melbourne 3000 VIC ,Retail,03 9654 3830
COLES,BACCHUS MARSH,672,Cnr Main Street & Young Street  Bacchus Marsh 3340 VIC ,Retail,03 5367 3200
COLES,MORNINGTON,673,Barkley Street  Mornington 3931 VIC ,Retail,03 5975 5933
COLES,PAKENHAM,674,Main Street  Pakenham 3810 VIC ,Retail,03 5941 3041
COLES,DENILIQUIN,675,Cnr Wood Street & Hardinge Street  Deniliquin 2710 NSW ,Retail,03 5881 8001
COLES,VERMONT SOUTH,677,Vermont South Shopping Centre Cnr Burwood Highway & Hanover Street  Vermont South 3133 VIC ,Retail,03 9803 2722
COLES,ELTHAM,678,Eltham Village Shopping Centre  Main Road  Eltham 3095 VIC ,Retail,03 9431 4377
COLES,SALE,679,Gippsland Shopping Centre  Cunningham Road  Sale 3850 VIC ,Retail,03 5144 4466
COLES,HEALESVILLE,680,Maroondah Highway  Healsville 3777 VIC ,Retail,03 5962 5841
COLES,SPRINGVALE,681,Cnr Springvale Road & Princes Highway  Springvale 3171 VIC ,Retail,03 9574 2900
COLES,BUNDOORA,682,Plenty Square Shopping Centre Cnr Settlement Road & Plenty Road  Bundoora 3083 VIC ,Retail,03 9467 8299
COLES,DANDENONG,684,Princes Highway  Dandenong 3175 VIC ,Retail,TBA
COLES,SOUTH MORANG,685,Cnr McDonalds Road & Civic Drive  South Morang 3752 VIC ,Retail,03 9404 3500
COLES,VICTORIA GARDENS,686,Victoria Street  Richmond 3121 VIC ,Retail,03 9429 5811
COLES,WANGARATTA,688,Cnr Ryley Street & Greta Road  Wangaratta 3677 VIC ,Retail,03 5721 7099
COLES,WERRIBEE,691,Werribee Plaza Shopping Centre Cnr Heaths Road & Derrimut Road  Hoppers Crossing 3030 VIC ,Retail,03 9748 7500
COLES,ALBURY,693,West End Plaza Shopping Centre Cnr Townsend Street & Smollet Street  Albury 2640 NSW ,Retail,02 6041 5377
COLES,TRARALGON,694,Traralgon Centre Plaza Shopping Centre Cnr Grey Street & Franklins Street  Traralgon 3844 VIC ,Retail,03 5174 7357
COLES,SHEPPARTON,695,Cnr Maude Street & Corio Street  Shepparton 3630 VIC ,Retail,03 5831 4900
COLES,ROSEBUD,696,Port Phillip Plaza Shopping Centre Cnr Boneo Road & Mccombe Street  Rosebud 3939 VIC ,Retail,03 5986 5100
COLES,ROWVILLE,697,Stud Park Shopping Centre Cnr Stud Road & Fullham Road  Rowville 3178 VIC ,Retail,03 9764 1055
COLES,LYNBROOK,699,Lynbrook Boulevard  Lynbrook 3975 VIC ,Retail,03 8787 5755
COLES,STANHOPE GARDENS,702,Sentry Drive  Stanhope Gardens 2768 NSW ,Retail,02 8883 1366
COLES,COOMA,703,Commissioner Street  Cooma 2630 NSW ,Retail,02 6455 3000
COLES,WAGGA,704,Sturt Mall Shopping Centre Cnr Forsyth Street & Barry Street  Wagga 2650 NSW ,Retail,02 6921 5532
COLES,RHODES,706,Rider Boulevard  Rhodes Waterside 2138 NSW ,Retail,02 9743 3066
COLES,WINMALEE,709,Shop 1 White Cross Road  Winmallee 2777 NSW ,Retail,02 4754 3811
COLES,WORLD SQUARE ,710,George Street  Sydney 2000 NSW ,Retail,02 9283 1589
COLES,PICTON,711,Margaret Street  Picton 2571 NSW ,Retail,02 4677 0655
COLES,HARRINGTON PARK,713,Fairwater Drive  Harrington Park 2567 NSW ,Retail,Phone
COLES,FIGTREE,716,Figtree Shopping Centre Cnr Gladstone Street & Princess Highway  Figtree 2525 NSW ,Retail,02 4229 9288
COLES,TURRAMURRA,717,Ray Street  Turramurra 2074 NSW ,Retail,02 9449 2582
COLES,SMITHFIELD,719,The Horseley Drive  Smithfield 2164 NSW ,Retail,02 9616 0800
COLES,ROSELANDS,720,Roselands Shopping Centre  Roselands Avenue  Roselands 2196 NSW ,Retail,02 9759 0960
COLES,LIVERPOOL,723,Cnr Bathurst Street & Elizabeth Drive  Liverpool 2170 NSW ,Retail,02 9734 7050
COLES,GLENFIELD,725,Tanda Place  South Wagga 2650 NSW ,Retail,02 6971 3055
COLES,MT DRUITT,726,Westfield Shopping Town Carlisle Avenue  Mount Druitt 2770 NSW ,Retail,02 9675 2688
COLES,PYRMONT,728,Union Street  Pyrmont 2009 NSW ,Retail,02 8572 6450
COLES,CURTIN,735,Curtin Place  Curtin 2605 ACT ,Retail,02 6281 1877
COLES,MAROUBRA JUNCTION,737,707-751 Anzac Parade  Maroubra 2035 NSW ,Retail,02 9344 6066
COLES,BEGA,739,Cnr Parker Street & Carp Street  Bega 2550 NSW ,Retail,02 6492 2233
COLES,LINDFIELD,744,Balfour Shopping Centre  Pacific Highway  Lindfield 2070 NSW ,Retail,02 9416 7496
COLES,MANLY VALE,745,Koorala Street  Manly Vale 2093 NSW ,Retail,02 9949 1600
COLES,WARATAH,746,Turton Road  Waratah 2298 NSW ,Retail,02 4967 1577
COLES,JAMISON,748,Jamison Shopping Centre  Redfern Street  Macquarie 2614 ACT ,Retail,02 6251 1688
COLES,FAIRFIELD,749,Fairfield Forum Shopping Centre Cnr Station Street & Ware Street  Fairfield 2165 NSW ,Retail,02 9726 9577
COLES,EARLWOOD,750,Clark Street  Earlwood 2206 NSW ,Retail,02 9558 1374
COLES,TUGGERAH,752,Wyong Road  Tuggerah 2259 NSW ,Retail,02 4351 6863
COLES,KINGS CROSS,754,Hyatt Kingsgate Shopping Centre  Darlinghurst Road  Kings Cross 2011 NSW ,Retail,02 9358 6247
COLES,WINDSOR,756,George Street  Windsor 2756 NSW ,Retail,02 4577 2354
COLES,TUMUT,757,Russell Street  Tumut 2720 NSW ,Retail,02 6947 1543
COLES,ASQUITH,760,Pacific Highway  Asquith 2077 NSW ,Retail,02 9476 3422
COLES,WEST PENNANT HILLS,761,Pennant Hills Road  West Pennant Hills 2125 NSW ,Retail,02 9481 9988
COLES,RAMSGATE,762,The Grand Parade  Ramsgate 2217 NSW ,Retail,02 9529 5911
COLES,MIRANDA WESTFIELD,766,Westfield Shopping Centre  600 Kingsway  Miranda 2228 NSW ,Retail,02 9540 6200
COLES,EPPING,768,Rawson Street  Epping 2121 NSW ,Retail,02 9869 2844
COLES,ROSE BAY,770,Rose Bay Old South Head Road  Rose Bay 2029 NSW ,Retail,TBA
COLES,SYLVANIA,772,Southgate Shopping Centre Cnr Princes Highway & Hacking Plaza  Sylvania 2224 NSW ,Retail,02 9522 5200
COLES,DAPTO,778,TEMPORARY CLOSURE AS OF 29/7/07 Byamee Street  Dapto 2530 NSW ,Retail,02 4261 4111
COLES,BELCONNEN,779,Belconnen Mall Shopping Centre Cnr Emu Bank Road & Lathlain Drive  Belconnen 2617 ACT ,Retail,02 6251 4489
COLES,NOWRA,780,Cnr Kinghorne Street & Junction Street  Nowra 2541 NSW ,Retail,02 4421 3554
COLES,TOUKLEY,781,Yaralla Road  Toukley 2263 NSW ,Retail,02 4396 4002
COLES,HURSTVILLE,782,Westfield Hurstville Shopping Centre Cnr Cross Street & Park Road  Hurstville 2220 NSW ,Retail,02 9570 6622
COLES,KAREELA,783,Cnr Bates Drive & Freya Street  Kareela 2232 NSW ,Retail,02 9528 6639
COLES,DEE WHY,784,Dee Why Plaza  Howard Avenue  Dee Why 2099 NSW ,Retail,02 9981 3999
COLES,CAMDEN,785,Cnr Murray Street & South Argyle Street  Camden 2570 NSW ,Retail,02 4655 7946
COLES,WYOMING,786,Wyoming Village Shopping Centre  Pacific Highway  Wyoming 2250 NSW ,Retail,02 4328 4313
COLES,DUBBO,788,Dubbo Shopping Centre Cnr Bultje Street & Macquarie Street  Dubbo 2830 NSW ,Retail,02 6882 6250
COLES,MIRANDA,790,Parkside Plaza Shopping Centre  Wandella Road  Miranda 2228 NSW ,Retail,02 9525 9744
COLES,ASHFIELD,791,Ashfield Mall Shopping Centre  Norton Street  Ashfield 2131 NSW ,Retail,02 9799 5300
COLES,RICHMOND,792,Richmond Mall Shopping Centre  Windsor Street  Richmond 2753 NSW ,Retail,02 4578 3111
COLES,ENGADINE,793,Waratah Road  Engadine 2233 NSW ,Retail,02 9520 5344
COLES,CHATSWOOD,795,Chatswood Chase Shopping Centre Cnr Victoria Avenue & Archer Street  Chatswood 2067 NSW ,Retail,02 9975 3001
COLES,KINGS LANGLEY,796,Kings Langley Shopping Centre  James Cook Drive & Raven Hill Street  Kings Langley 2147 NSW ,Retail,02 9674 3111
COLES,WARRIEWOOD,797,Jackson Road  Warriewood 2102 NSW ,Retail,02 9913 1400
COLES,THE ENTRANCE,798,Lakeside Plaza  The Entrance Road  The Entrance 2261 NSW ,Retail,02 4332 7454
COLES,RANDWICK,800,Randwick Plaza Shopping Centre  Belomore Road  Randwick 2031 NSW ,Retail,02 9398 4013
COLES,LITHGOW,801,Lithgow Valley Shopping Centre Cnr Hassen Street & Bent Street  Lithgow 2790 NSW ,Retail,02 6352 1966
COLES,GOULBURN,802,Argyle Mall Shopping Centre Cnr Clifford Street & Auburn Street  Goulburn 2580 NSW ,Retail,02 4821 7260
COLES,GUNGAHLIN,803,Cnr Hibberson Street & Gungahlin Place  Gungahlin 2912 ACT ,Retail,02 6123 4500
COLES,BOWRAL,804,Oxley Mall Shopping Centre Cnr Boolwey Street & Bendooley Street  Bowral 2576 NSW ,Retail,02 4861 3477
COLES,SURRY HILLS,805,Surry Hills Shopping Village Cnr Cleveland Street & Baptist Street  Surry Hills 2010 NSW ,Retail,02 9698 5005
COLES,SWANSEA,807,Pacific Highway  Swansea 2281 NSW ,Retail,02 4971 1655
COLES,BONDI ,809,Eastgate Shopping Centre Cnr Newland Street & Spring Street  Bondi 2026 NSW ,Retail,02 9389 5187
COLES,BATEMANS BAY,811,Perry Street  Batemans Bay 2536 NSW ,Retail,02 4472 1913
COLES,NEWCASTLE JUNCTION,813,Junction Fair Shopping Centre  Union Street  Newcastle Junction 2300 NSW ,Retail,02 4969 3723
COLES,NEWPORT,814,Barrenjoey Road  Newport 2000 NSW ,Retail,TBA
COLES,MANLY CORSO,815,Shop 1  8-28 The Corso  Manly 2095 NSW ,Retail,02 9932 5500
COLES,ST MARYS,817,St Marys Plaza Shopping Centre  Station Street  St Marys 2760 NSW ,Retail,02 9673 4111
COLES,GOROKAN,819,Lakehaven Shopping Centre Cnr Arizon Road & Goobarabah Avenue  Gorokan 2263 NSW ,Retail,02 4392 7966
COLES,QUEANBEYAN,820,Riverside Plaza Shopping Centre Cnr Monaro Street & Collett Street  Queanbeyan 2620 NSW ,Retail,02 6299 2469
COLES,WEST GOSFORD,821,West Gosford Shopping Centre Cnr Brisbane Water Drive & Corumbene Road  West Gosford 2250 NSW ,Retail,02 4324 5622
COLES,WARRAWONG,822,Westfield Shopping Centre  Cowper Street  Warrawong 2502 NSW ,Retail,02 4276 1355
COLES,BELMONT,823,Cnr Macquarie Street & Edgar Street  Belmont 2280 NSW ,Retail,02 4945 0355
COLES,WALLSEND,824,Cowper Street  Wallsend 2287 NSW ,Retail,02 4951 8344
COLES,CASTLE HILL,825,Castle Towers Shopping Centre  Old Northern Road  Castle Hill 2154 NSW ,Retail,02 9680 2856
COLES,DOONSIDE,827,Cnr Richmond Road & Woodcraft Drive  Doonside 2767 NSW ,Retail,02 9679 9099
COLES,NEUTRAL BAY,829,Big Bear Shopping Complex  Military Street & Park Street  Neutral Bay 2089 NSW ,Retail,02 9908 3099
COLES,BRIGHTON LE SANDS,831,Oceanview Partments Cnr Moate Street & Princess Street  Brighton 2216 NSW ,Retail,TBA
COLES,GLADESVILLE,832,Flagstaff Street  Gladesville 2111 NSW ,Retail,02 9816 5695
COLES,KOTARA,833,Garden City S/C Cnr Northcott Drive & Park Avenue  Kotara 2289 NSW ,Retail,02 4952 7066
COLES,HINCHINBROOK,834,Valley Plaza  Wilson Road  Hinchinbrook 2168 NSW ,Retail,02 9826 8055
COLES,ORANGE,835,227-237 SUMMER ST  Orange 2800 NSW ,Retail,2 6061 2666
COLES,BATHURST,836,47 William Street  Bathurst 2795 NSW ,Retail,02 6032 9566
COLES,GRIFFITH,838,Cnr Crossing Street & Yambil Street  Griffith 2680 NSW ,Retail,02 6964 5455
COLES,BROADWAY,839,Cnr Broadway Street & Bay Street  Broadway 2007 NSW ,Retail,02 9281 0844
COLES,WYNYARD,840,Tenancy W36 & W37 Wynyard Railway Concourse  Sydney 2000 NSW ,Retail,02 9299 4769
COLES,CARINGBAH,841,Willarong Road  Sth Caringbah 2229 NSW ,Retail,02 9540 9352
COLES,WATTLE GROVE,842,Cnr Australia Avenue & Village Way  Wattle Grove 2173 NSW ,Retail,02 9731 1044
COLES,WINSTON HILLS,843,Winston Hills Mall  Caroline Chisolm Drive  Winston Hills 2153 NSW ,Retail,Unknown
COLES,WINDSOR,844,Windsor Riverview Shopping Centre George Street  Windsor 2756 NSW ,Retail,02 4577 1000
COLES,ULLADULLA,845,Boree Street  Ulladulla 2539 NSW ,Retail,02 4455 1722
COLES,LEICHARDT,846,Norton Plaza Shopping Centre Norton Street  Leichardt 2040 NSW ,Retail,02 9572 6466
COLES,ILLAWONG,847,Illawong Shopping Centre Fowlers Road  Illawong 2234 NSW ,Retail,02 9543 6766
COLES,WODEN PLAZA,848,Keltie Street  Phillip 2606 ACT ,Retail,02 6232 5569
COLES,BIRKENHEAD,849,Birkenhead Shopping Centre  Cary Street  Drummoyne 2047 NSW ,Retail,TBA
COLES,TORONTO,850,The Boulevard  Toronto 2283 NSW ,Retail,02 4959 8850
COLES,NORWEST,851,Norwest Lakeside Shopping Centre Norwest Boulevard  Baulkham Hills 2153 NSW ,Retail,02 9659 6467
COLES,CHATSWOOD CHASE,852,Cnr Anderson Albert & Spring Street  Chatswood Chase 2057 NSW ,Retail,02 9413 4549
COLES,BONDI,853,Oxford Street  Bondi Junction 2022 NSW ,Retail,02 9369 3714
COLES,FORESTVILLE,854,Starkey Street  Forestville 2083 NSW ,Retail,02 9975 3255
COLES,CHISHOLM,858,Shop 42  Halley Street  Chisholm 2905 ACT ,Retail,02 6291 0066
COLES,MANUKA,859,Manuka Plaza  Manuka 2603 ACT ,Retail,02 6232 6588
COLES,HORNSBY,860,Westfield Shoppingtown  Northgate Shop M1Cnr Hunter Road & Burdett Road  Hornsby 2077 NSW ,Retail,02 9482 1422
COLES,BURWOOD,861,Westfield Shoppingtown Cnr Wilga Street & Shaftesbury Road  Burwood 2134 NSW ,Retail,TBA
COLES,BLACKTOWN,862,Patrick Street  Blacktown 2149 NSW ,Retail,02 9676 3525
COLES,CESSNOCK,864,Cnr Keene Street & North Ave & Charlton Avenue  Cessnock 2325 NSW ,Retail,02 4991 6172
COLES,CONCORD,865,Majors Bay Road  Concord 2137 NSW ,Retail,02 9844 6202
COLES,PENINSULA MANLY,869,1/21 Wentworth Street  Manly 2570 NSW ,Retail,02-9976 6829
COLES,CAMBRIDGE GARDENS,874,101 Boomerang Place  Cambridge Gardens 2747 NSW ,Retail,02 4729 3600
COLES,EDGEWORTH,879,Main Road  Edgeworth 2285 NSW ,Retail,02 4953 0511
COLES,WARNERS BAY,880,Warners Bay Shoppng Centre  30 John Street  Warners Bay 2282 NSW ,Retail,02-4947 3800
COLES,SAN REMO,882,Pacific Highway  San Remo 2262 NSW ,Retail,02 4390 6100
COLES,KELLYVILLE,883,Kellyville Shopping Centre  Wrights Road  Kellyville 2155 NSW ,Retail,02 8814 6900
COLES,MONAVALE,884,Pittwater Place  Park Street  Mona Vale 2103 NSW ,Retail,02-9997 3877
COLES,ERINA,885,Erina Fair Shopping Centre  Terrigal Drive  Erina 2250 NSW ,Retail,02 4365 6025
COLES,Balgowlah,886,Condamine Street  Balgowlah 2093 NSW ,Retail,02 9934 9800
COLES,PARRAMATTA ENTRADA,887,Victoria Road  North Parramatta 2150 NSW ,Retail,02 9933 0600
COLES,CORRIMAL,890,204 Princes Highway  Corrimal 2518 NSW ,Retail,02-4283 7622
COLES,GLENDALE,893,Lake Road  Glendale 2285 NSW ,Retail,02 4954 6922
COLES,PARRAMATTA,896,Westfield Shopping Centre Cnr Marsden Street & Campbell Street  Parramatta 2150 NSW ,Retail,02 9635 4179
COLES,WARRINGAH,897,Old Pittwater Road  Brookvale 2100 NSW ,Retail,02-9907 3303
COLES,GREEN HILLS,898,The Hunter at Greenhills Shopping Centre  Mollymorgan Drive  East Maitland 2323 NSW ,Retail,02 4933 4766
COLES,EDGECLIFF,899,Cnr New South Head Road & Ocean Street  Edgecliff 2027 NSW ,Retail,02-9328 7978
COLES,FORSTER,901,Forster Village Shopping Centre Cnr Breeze Parade & Water Street  Forster South 2428 NSW ,Retail,02 6555 7266
COLES,PENRITH,903,Nepean Shopping CentreCnr Station Street & Reserve Street  Penrith 2750 NSW ,Retail,02 4722 2100
COLES,BATEAU BAY,904,Bay Village Shopping Centre  The Entrance Road  Bateau Bay 2261 NSW ,Retail,02 4334 5388
COLES,WOY WOY,905,Deepwater Plaza Shopping Centre Cnr Railway Street & George Street  Woy Woy 2256 NSW ,Retail,02 4344 6989
COLES,CAMPBELLTOWN,906,Campbelltown Mall Shopping Centre  Queen Street  Campbelltown 2560 NSW ,Retail,02 4625 9622
COLES,CASUALA,908,Casuala Mall Shopping Centre Kurrajong Road  Casuala 2170 NSW ,Retail,02 9821 4688
COLES,PAGEWOOD,909,Eastgardens Shopping Centre Cnr Bunnerong Road & Wentworth Avenue  Pagewood 2035 NSW ,Retail,02 9314 0022
COLES,TUGGERANONG,911,Hyperdome Shopping Centre Cnr Pittman Street & Ankertell Street  Tuggeranong 2900 ACT ,Retail,02 6293 2355
COLES,LIGHTHOUSE BEACH,920,Shop 1a Ocean Drive  Port Macquarie 2444 NSW ,Retail,TBA
COLES,KATOOMBA,921,34 Parke Street  Katoomba 2780 NSW ,Retail,02 4780 8500
COLES,OATLEY WEST,923,Mulga Road  Oatley West 2223 NSW ,Retail,02 8558 9500
COLES,ROUSE HILL,924,Cnr Windsor Road & Commercial Road  Rouse Hill 2155 NSW ,Retail,TBA
COLES,WYONG,925,Shop 1 Alison Road  Wyong 2259 NSW ,Retail,TBA
COLES,FAIRY MEADOW,927,118 - 126 Princes Hwy  Fairy Meadow 2519 NSW ,Retail,02 4223 9300
COLES,BEROWA HEIGHTS,929,Turner Road  Berowa Heights 2082 NSW ,Retail,02 9456 2513
COLES,EDENSOR PARK,936,Edensor Road  Edensor Park 2176 NSW ,Retail,02 8786 0500
COLES,SCONE,939,Kelly Street  Scone 2337 NSW ,Retail,TBA
COLES,FLETCHER,940,Cnr Minmi Road & Churnwood Drive  Fletcher 2287 NSW ,Retail,02 4941 6300
COLES,HURSTVILLE STATION,942,Hurstville Railway Station Forest Road  Hurstville 2220 NSW ,Retail,02 8558 9700
COLES,DEE WHY GRAND,944,Sturdee Parade  Dee Why 2099 NSW ,Retail,02 9919 0100
COLES,SINGLETON,945,Gowrie Street Mall  1 Gowrie Street  Singleton 2330 NSW ,Retail,02 6575 4300
COLES,RUTHERFORD,946,Rutherford Shopping Centre Hillview Street  Rutherford 2320 NSW ,Retail,TBA
COLES,MORRISET,950,Yambo Street  Morriset 2274 NSW ,Retail,02 4973 7100
COLES,BAULKHAM HILLS,951,Stocklands Mall Shopping Centre Windsor Road  Baulkham Hills 2153 NSW ,Retail,02 8852 9700
COLES,CHIPPING NORTON,953,Earnest Avenue  Chipping Norton 2170 NSW ,Retail,TBA
COLES,WESTMEAD,965,29-33 Darcy Road  Westmead 2145 NSW ,Retail,02 8837 7700
COLES,TAREE,967,Macquarie Street  Taree 2430 NSW ,Retail,02 6539 0200
COLES,WEST RYDE,968,17 Chatham Rd  Cnr Anthony Rd & Chatham Rd  West Ryde 2114 NSW ,Retail,02 9804 4400
COLES,ROPES CROSSING,970,Central Place  Ropes Crossing 2760 NSW ,Retail,02 9421 4900
COLES,WATERLOO,987,Shop 16 Crystal Street  Waterloo 2017 NSW ,Retail,02 9549 3700
COLES,TANILBA BAY,989,Beatty Boulevard  Tanilba Bay 2753 NSW ,Retail,02 4980 5300
COLES,WADALBA,992,Figtree Boulevard  Wadalba 2259 NSW ,Retail,02 4392 0019
COLES,MARKET TOWN,993,Westend Shopping CentreCnr King Street & National Park Street  Newcastle West 2302 NSW ,Retail,02 4926 4494
COLES,CHARLESTOWN,995,Charlestown Square Shopping Centre Pearson Street  Charlestown 2290 NSW ,Retail,TBA
COLES,KURRI KURRI,999,Lang Street  Kurri Kurri 2327 NSW ,Retail,02 4936 5100
COLES,ROSELANDS,3478,Roselands Shopping Centre  Shop L47 Roselands Drive  Roselands 2196 NSW ,Retail,02 9759 2855
COLES,FLAGSTONE,4090,6 Gates Road  Jimboomba 4280 QLD ,Retail,TBA
COLES ,NORTH ROCKS,4171,North Rocks Shopping Centre  318-336 North Rocks Road  North Rocks 2151 NSW ,Retail,02 8893 2600
COLES,INGLEBURN,4177,100 Macquarie Road  Ingleburn 2564 NSW ,Retail,02 8797 9600
COLES,JEWELLSTOWN (Rebadge Bi Lo 4118),4178,Jewelstown Plaza  Ntaba Road  Belmont North 2280 NSW ,Retail,02 4948 5744
COLES,WENTWORTH POINT,4180,3 Burroway Road  Wentworth Point 2127 NSW ,Retail,02 7922 3000
COLES,PACIFIC FAIR,4368,Pacific Fair Shopping Centre  Hooker Boulevard  Broadbeach 4218 QLD ,Retail,07 5504 3400
COLES,REDLYNCH,4381,7-15 Larsen Road  Redlynch 4870 QLD ,Retail,07 4039 5400
COLES,COOMERA WESTFIELD,4383,121 Foxwell Road  Coomera 4209 QLD ,Retail,TBA
COLES,GOONDIWINDI,4384,Cnr Herbert Street & Callandoon Street  Goondiwindi 4390 QLD ,Retail,07 4671 5902
COLES,KEDRON,4385,346 Gympie Road  Kedron 4031 QLD ,Retail,07 3069 1500
COLES,ROCHEDALE,4386,329 Gardner Road  Rochdale 4123 QLD ,Retail,07 3182 9400
COLES,BERKELEY(Rebadge Bi Lo 4150),4387,65 Winnima Way  Berkeley 2506 NSW ,Retail,02 4222 1000
COLES,MT WARREN PARK(Rebadge Bi Lo 4360),4388,23 - 30 Mt Warren Bvd  Mt Warren Park  4207 QLD ,Retail,07 3382 0122
COLES,BENOWA VILLAGE,4390,21 Ross Street  Benowa 4217 QLD ,Retail,07 5510 7500
COLES,MT GRAVATT PLAZA,4392,55 Creek Road  Mt Gravatt 4122 QLD ,Retail,07 3452 6400
COLES,BALLINA,4401,Cnr Fox Street & Kerr Street  Ballina 2478 NSW ,Retail,02 6686 9377
COLES,CABOOLTURE,4404,Caboolture Park Shopping Centre  King Street  Caboolture 4510 QLD ,Retail,07 5495 6711
COLES,THE PINES,4405,The Pines Shopping Centre Cnr Mcgrath Drive & Guiness Creek Road  Elanora 4221 QLD ,Retail,07 5598 3044
COLES,GLADSTONE,4406,Kim Kora Shopping Centre  Dawson Highway  Gladstone 4680 QLD ,Retail,07 4978 4377
COLES,LOGANHOLME,4407,Logan Hyperdome Shopping Centre Cnr Pacific Highway & Bryants Road  Loganholme 4129 QLD ,Retail,07 3801 2090
COLES,EARLVILLE,4409,Stockland Shopping Centre Mulgrave Road  Earlville 4870 QLD ,Retail,07 4047 8400
COLES,EDMONTON,4410,Walker Road  Edmonton 4869 QLD ,Retail,07 4045 8100
COLES,STRATHPINE WESTFIELD,4411,Gympie Road  Strathpine 4500 QLD ,Retail,07 3490 4200
COLES,MT OMMANEY,4412,Dandenong Road  Mt Ommaney 4074 QLD ,Retail,07 3725 7200
COLES,GLENVALE,4417,114-128 Glenvale Road  Glenvale  4350 QLD ,Retail,TBA
COLES,HOPE ISLAND,4418,Santa Barbara Road  Hope Island 4212 QLD ,Retail,07 5510 8566
COLES,NORTHERN BEACHES,4419,Shop 1 Mackay Bucasia Road  Northern Beaches 4740 QLD ,Retail,07 4969 7333
COLES,COOLUM,4420,Britwell Street & Margaret Street  Coolum 4573 QLD ,Retail,TBA
COLES,FOREST LAKE,4421,Forest Lake Boulevard  Forest Lake 4078 QLD ,Retail,07 3714 2500
COLES,REDCLIFFE(DOLPHINS LEAGUE CLUB),4422,Ashmole Road (cnr Klingner Road)  Redcliffe 4020 QLD ,Retail,07 3480 3100
COLES,PARK RIDGE,4424,Park Ridge Town Centre  12 Park Ridge Road  Park Ridge 4125 QLD ,Retail,07 3380 4800
COLES,PARKSIDE PLAZA,4425,245 Bridge Road  West Mackay 4740 QLD ,Retail,07 4847 1500
COLES ,ROBINA,4427,19 Robina Town Centre Drive  Robina 4230 QLD ,Retail,07 5501 6100
COLES,BROOKSIDE,4430,Shop 16  99 Osborne Road  Mitchelton 4053 QLD ,Retail,07 3513 9200
COLES ,ALDERLEY,4431,Cnr Samford Road & South Pine Road  Alderley 4051 QLD ,Retail,07 3350 2500
COLES,TAIGUM VILLAGE,4432,312-320 Roghan Road  Taigum 4018 QLD ,Retail,07 3624 3000
COLES,Wilsonton,4433,31 - 39 Erin St  Wilsonton 4350 QLD ,Retail,07 4615 1700
COLES,KAWANA WATERS,4435,Point Cartwright Drive  Kawana Waters 4575 QLD ,Retail,07 5457 6900
COLES,MANGO HILL,4436,1-21 Halpine Drive  Mango Hill 4509 QLD ,Retail,07 3490 3600
COLES,ORMEAU VILLAGE,4437,37 Eggersdorf Road  Ormeau 4437 QLD ,Retail,07 5645 1200
COLES,NAMBOUR,4438,Nambour Mill Road  Nambour 4560 QLD ,Retail,07 5430 4900
COLES,GYMPIE,4440,Goldfield Plaza Shopping Centre Cnr Monkland Street & O'Connell Street  Gympie 4570 QLD ,Retail,07 5482 4377
COLES,INNISFAIL,4441,Cnr Edith Street & Ernest Street  Innisfail 4860 QLD ,Retail,07 4061 3200
COLES,INGHAM,4442,Cnr Lannercost Street & McIlwraith Street  Ingham 4850 QLD ,Retail,07 4776 2166
COLES,WESTCOURT,4443,Westcourt Plaza Shopping Centre  Mulgrave Road  Cairns 4870 QLD ,Retail,07 4051 8189
COLES,INVERELL,4444,Byron Street  Inverell 2360 NSW ,Retail,02 6722 3811
COLES,LABRADOR,4446,Labrador Shopping Centre  Pacific Highway  Labrador 4215 QLD ,Retail,07 5537 4266
COLES,NOOSA,4447,Noosa Fair Shopping Centre  Lanyana Way  Noosa 4567 QLD ,Retail,07-5447 4000
COLES,BEENLEIGH,4449,Cnr Main Street & Bellews Street  Beenleigh 4207 QLD ,Retail,07 3287 4277
COLES,LUTWYCHE,4450,Lutwyche Shopping CentreCnr Lutwyche Road & Lowerson Street  Lutwyche 4030 QLD ,Retail,07 3357 7311
COLES,WYNNUM,4451,Florence Street  Wynnum 4178 QLD ,Retail,07 3396 3062
COLES,HIGHFIELDS,4452,1 Plaza Circle  Highfields 4352 QLD ,Retail,07 4615 5126
COLES,JIMBOOMBA,4453,Cusak Lane  Jimboomba 4280 QLD ,Retail,07 5547 9100
COLES,ROCKHAMPTON NORTH,4455,Musgrave Street  Berserker 4701 QLD ,Retail,07 4930 8464
COLES,GRAFTON CENTRAL,4456,Duke Street  Grafton 2460 NSW ,Retail,02 6641 8100
COLES,TOOMBUL,4458,Toombul Shopping Centre Sandgate Road  Toombul 4012 QLD ,Retail,07 3266 7277
COLES,TWEED CITY,4459,Minjungbal Drive  Tweed South 2486 NSW ,Retail,07 5506 4000
COLES,CASUARINA,4460,482 Casuarina Way  Casuarina  2487 NSW ,Retail,02 8398 5900
COLES,PETRIE TERRACE,4461,Petrie Terrace  Petrie Terrace 4000 QLD ,Retail,07 3367 9600
COLES,EVERTON PARK,4462,Everton Park Plaza Shopping Centre  751 Stafford Road  Everton Park 4053 QLD ,Retail,07 3355 6033
COLES,CANNON HILL,4464,Cannonhill Plaza Shopping Centre  Wynnum Road & Creek Road  Cannon Hill 4170 QLD ,Retail,07 3399 3033
COLES,COORPAROO,4467,Old Cleveland Road  Cooraparoo 4151 QLD ,Retail,07 3397 9711
COLES,ASHGROVE,4471,Ashgrove Village Shopping Centre  Stewart Road  Ashgrove 4060 QLD ,Retail,07 3366 5877
COLES,SPRINGWOOD,4472,Arndale Shopping Centre Cinderella Drive  Springwood 4127 QLD ,Retail,07 3208 4088
COLES,MOREE,4473,Balo Square Shopping Centre Cnr Newell Highway & Gwydir Street  Moree 2400 NSW ,Retail,02 6752 3877
COLES,TWEED HEADS,4474,Tweed Heads Mall Shopping CentreCnr Pacific Highway & Frances Street  Tweed heads 2485 NSW ,Retail,7 5536 3977
COLES,LISMORE,4477,Lismore Square Shopping Centre Cnr Brewster Street & Uralba Street  Lismore 2480 NSW ,Retail,02 6621 7421
COLES,CALOUNDRA,4478,Sunland Shopping Centre Cnr Bowen Avenue & First Avenue  Caloundra 4551 QLD ,Retail,07 5491 3044
COLES,STRATHPINE,4480,Kensington Shopping CentreCnr Sovereign Avenue & Kensington Way  Strathpine 4500 QLD ,Retail,07 3205 4055
COLES,MT PLEASANT,4481,MT Pleasant Shopping Centre  Bruce Way  Mackay 4740 QLD ,Retail,07 4942 1011
COLES,MAREEBA,4482,Mareeba Plaza Shopping Centre  Byrnes Street  Mareeba 4880 QLD ,Retail,07 4092 2566
COLES,GATTON,4483,Cnr Anne Street & William Street  Gatton 4343 QLD ,Retail,07 5462 2622
COLES,GRAFTON,4485,Grafton Mall Shopping Centre  Pound Street  Grafton 2460 NSW ,Retail,02 6642 5131
COLES,MT ISA,4487,Mt Isa Plaza Shopping Centre Cnr Marian Street & Simpson Street  Mt Isa 4825 QLD ,Retail,07 4743 6077
COLES,SUNNYBANK HILLS,4489,Pinelands Plaza Shopping CentreCnr Beenleigh Road & Pinelands Road  Sunnybank Hills 4109 QLD ,Retail,07 3345 5888
COLES,DALBY,4490,Cnr Condamine Street & Patrick Street  Dalby 4405 QLD ,Retail,07 4662 1499
COLES,TOOWOOMBA,4491,Toowoomba Plaza Shopping Centre Cnr Ruthven Street & Stenner Street  Toowoomba 4350 QLD ,Retail,07 4635 5411
COLES,ARANA HILLS,4492,Arana Hills Shopping Centre Cnr Patricks Road & Dawson Parade  Arana Hills 4054 QLD ,Retail,07 3351 4333
COLES,AITKENVALE,4494,Cnr Ross River Road & Nathan Street  Aitkenvale 4814 QLD ,Retail,07 4779 0655
COLES,CORINDA,4495,Cnr Oxley Road & Clewley Street  Corinda 4075 QLD ,Retail,07 3379 8199
COLES,WOODRIDGE,4496,Woodridge Plaza Shopping CentreCnr Wembley Road & Wilbur Street  Woodridge 4114 QLD ,Retail,07 3208 9344
COLES,BUNDABERG,4497,Bundaberg Village Shopping Centre Cnr George Street & Maryborough Street  Bunderberg 4670 QLD ,Retail,07 4152 5222
COLES,IPSWICH,4499,Cnr Gordon Street & Brisbane Street  Ipswich 4305 QLD ,Retail,07 3281 9022
COLES,SOUTHPORT,4500,Scarborough Fair Shopping Centre  Scarborough Street  Southport 4215 QLD ,Retail,07 5532 5666
COLES,NERANG,4501,Station Street  Nerang 4211 QLD ,Retail,07 5578 3322
COLES,MARSDEN,4502,Marsden Park Shopping Centre  Chambers Flat Road  Marsden 4132 QLD ,Retail,07 3200 7233
COLES,MORANBAH,4503,Moranbah Fair Shopping Centre  Griffith Street  Moranbah 4744 QLD ,Retail,07 4941 8888
COLES,REDBANK,4504,Redbank Plaza Shopping CentreCnr Collingwood Drive & Law Street  Redbank 4301 QLD ,Retail,07 3288 5388
COLES,MURWILLUMBAH,4505,Cnr Brsibane Street & Woolumbin Street  Murwillambah 2484 NSW ,Retail,02 6672 4213
COLES,THE GAP,4506,The Gap Village Shopping Centre  Waterworks Road  The Gap 4061 QLD ,Retail,07 3300 3144
COLES,GREENSLOPES,4507,Greenslopes Mall Shopping Centre Logab Road  Greenslopes 4120 QLD ,Retail,07 3397 9144
COLES,TOOWONG,4508,Toowong Village Shopping Centre Sherwood Road  Toowong 4066 QLD ,Retail,07 3371 3100
COLES,CAPALABA,4509,Capalaba Park Shopping Centre Cnr Redland Bay Road & Mt Cotton Road  Capalaba 4157 QLD ,Retail,07 3390 1933
COLES,AYR,4510,Edward Street  Ayr 4807 QLD ,Retail,07 4783 3666
COLES,BEAUDESERT,4511,Beaudesert Fair Shopping Centre Cnr Anna Street & William Street  Beaudesert 4285 QLD ,Retail,07 5541 2099
COLES,FAIRFIELD,4512,Fairfield Shopping CentreCnr Brougham Street & Fairfield Road  Fairfield 4103 QLD ,Retail,07 3214 6500
COLES,PIALBA,4513,Pialba Plaza Shopping Centre  Main Street  Pialba 4655 QLD ,Retail,07 4124 1066
COLES,SUNNYBANK PLAZA,4514,Sunnybank Plaza Shopping Centre Cnr Mains Road & McCulloch Street  Sunnybank 4109 QLD ,Retail,07 3345 4433
COLES,KENMORE,4515,Kenmore Village Shopping Centre Brookfield Road  Kenmore 4069 QLD ,Retail,07 3378 4744
COLES,ALBANY CREEK,4516,Cnr Albany Creek Road & Wruck Cresent  Albany Creek 4035 QLD ,Retail,07 3264 4044
COLES,ROCKHAMPTON SOUTH,4518,Cnr Fitzroy Street & Bolsover Street  Rockhampton 4700 QLD ,Retail,07 4927 7327
COLES,KIPPA RING,4519,Kippa Ring Shopping CentreCnr Anzac Avenue & Boardman Road  Kippa Ring 4020 QLD ,Retail,07 3284 1255
COLES,BURLEIGH WATERS,4520,Cnr Beruda Street & Burleigh Road  Burleigh West 4220 QLD ,Retail,07 5593 4107
COLES,GUNNEDAH,4522,Little Conadilly Street  Gunnedah 2380 NSW ,Retail,02 6741 7600
COLES,MAROOCHYDORE,4523,Sunshine Plaza Shopping Centre  Bunro Street  Maroochydore 4558 QLD ,Retail,07 5443 4633
COLES,BRACKEN RIDGE,4524,Mangare Sheree LittleCnr Norris Road & Telegraph Road  Bracken Ridge 4017 QLD ,Retail,07 3261 5566
COLES,BROWN PLAINS,4525,Cnr Browns Plains Road & Mount Lindsay Highway  Browns Plains 4118 QLD ,Retail,07 3809 3344
COLES,RISING SUN,4526,Cnr Bowen Road & Ross River Road  Townsville 4810 QLD ,Retail,07 4725 5809
COLES,TOWNSVILLE,4527,Willow Shopping Centre Cnr Thuringowa Drive & Herveys Range Road  Townsville 4810 QLD ,Retail,07 4723 2855
COLES,NEWMARKET,4528,Newmarket Enoggera Road  Newmarket 4051 QLD ,Retail,TBA
COLES,BAY CENTRAL,4529,Bay Central Shopping Centre  6 Central Avenue  Harvey Bay 4655 QLD ,Retail,07 4196 9500
COLES,RUNAWAY BAY,4530,Cnr Lae Street & Morala Drive  Runaway Bay 4216 QLD ,Retail,07 5537 2344
COLES,SMITHFIELD,4532,Smithfield Shopping Centre Cnr Captain Cook Highway & Kennedy Highway  Cairns 4870 QLD ,Retail,07 4038 2507
COLES,SPRINGFIELD,4533,Springfield Shopping CentreCnr Sapphire Street & Springfield Parkway  Camira 4300 QLD ,Retail,07 3818 6095
COLES,TOOWOOMBA,4534,Cnr Margaret Street & Clifford Street  Toowoomba 4350 QLD ,Retail,07 4632 3422
COLES,GOONELLABAH,4535,Goonellabah Shopping Centre  Oliver Avenue  Goonellabah 2480 NSW ,Retail,02 6625 0023
COLES,CAIRNS CENTRAL,4536,Cnr McLeod Street & Spence Street  Cairns 4870 QLD ,Retail,07 4051 1344
COLES,NEWFARM,4537,Merthyr Road (Delivery via Welsby Street ONLY)  Newfarm 4005 QLD ,Retail,07 3358 2133
COLES,WYNNUM WEST,4539,Wynnum Plaza Shopping Centre Wynnum Road  Wynnum 4178 QLD ,Retail,07 3396 0088
COLES,CLEVELAND,4540,Cnr Middle Wynard Street & Shore Street  Cleveland 4163 QLD ,Retail,07 3286 4377
COLES,EMERALD,4541,Cnr Claremont Street & Opal Street  Emerald 4720 QLD ,Retail,07 9823 3622
COLES,NORTH LAKES,4545,Anzac Avenue  Mango Hill 4509 QLD ,Retail,07 3385 0511
COLES,PORT DOUGLAS,4546,Macrossen Street  Port Douglas 4871 QLD ,Retail,07 4099 5366
COLES,CHERMSIDE,4547,Chermside Shopping CentreCnr Gympie Road & Hamilton Road  Chermside 4032 QLD ,Retail,07 3359 5622
COLES,THE VALLEY,4548,Brunswick Street  Fortitude Valley 4006 QLD ,Retail,TBA
COLES,BELLBOWRIE,4549,37 Birkin Road  Bellbowrie 4070 QLD ,Retail,07 3202 0100
COLES,MOOLOOLABA,4550,Cnr Mooloolaba Street & Venning Street  Mooloolaba 4557 QLD ,Retail,07 5478 3933
COLES,YAMBA,4551,Cnr Treelands Drive & Yamba Road  Yamba 2462 NSW ,Retail,02 6603 0500
COLES,WEST END,4553,Boundary Street  South Brisbane 4101 QLD ,Retail,07 3844 1677
COLES,SURFERS PARADISE,4554,Cnr Goldcoast Highway & Elkhorn Avenue  Surfers Paradise 4217 QLD ,Retail,07 5538 1466
COLES,ARUNDEL,4555,Cnr Napper Road & Daintree Drive  Arundel 4214 QLD ,Retail,TBA
COLES,ASPLEY,4556,Robinson Road  West Aspley 4034 QLD ,Retail,07 3863 5000
COLES,MIDDLE PARK,4557,Horizon Drive  Middle Park 4074 QLD ,Retail,07 3723 3800
COLES,CANELAND,4558,Cnr Victoria Street & Mangrove Road  Mackay 4740 QLD ,Retail,TBA
COLES,PELICAN WATERS,4559,100 Pelican Waters Boulevard  Pelican Waters 4551 QLD ,Retail,07 5492 4644
COLES,NERANG FAIR,4560,Nerang Village Shopping Centre Beaudesert - Nerang Road  Nerang 4211 QLD ,Retail,07 5581 4000
COLES,MURRUMBA DOWNS,4561,Cnr Dohles Rocks Drive & Goodrich Drive  Murrumba Downs 4503 QLD ,Retail,07 3482 0600
COLES,ANNANDALE,4563,Cnr University Road & Macarthur Drive  Annandale 4814 QLD ,Retail,TBA
COLES,MYER CENTRE,4564,Level E The Myer Centre91 Queen Street  Brisbane 4000 QLD ,Retail,TBA
COLES,KARALEE,4565,Karalee Shopping Centre  29-37 Junction Road  Chuwar 4306 QLD ,Retail,TBA
COLES,IPSWICH (SUPERSTORE),4566,44 Brisbane Street  Ipswich 4566 QLD ,Retail,07 3810 0100
COLES,MT SHERIDAN,4567,Cnr Bruce Highway & Foster Road  White Rock 4869 QLD ,Retail,07 4036 4800
COLES,ASCOT,4568,Racecourse Road  Ascot 4007 QLD ,Retail,07-3868 4788
COLES,DEERAGUN,4569,31Geaney Lane  Deeragun 4818 QLD ,Retail,07 4751 7400
COLES,GARDEN CITY (MT GRAVATT),4570,Garden City Shopping Centre  Logan Road  Mount Gravatt 4122 QLD ,Retail,07 3422 2066
COLES,WOOLLOONGABBA,4571,Stanley Street  Woolloongabba 4102 QLD ,Retail,07 3896 5000
COLES,WORONGARY,4572,340 1 Mudgeeraba Street  Worongary 4213 QLD ,Retail,07 5525 1600
COLES,Carindale,4574,1151 Creek Road  Carindale 4152 QLD ,Retail,07 33086100
COLES,UPPER COOMERA,4576,Reserve Road  Upper Coomera 4209 QLD ,Retail,07 5500 0256
COLES,BANORA POINT,4577,2Cnr Frasers Drive & Leisure Drive  Banora Point 2486 NSW ,Retail,07 5506 3900
COLES,MORNINGSIDE,4578,Junction Road  Morningside 4170 QLD ,Retail,07 3399 0850
COLES,QUEENS PLAZA,4579,Queen Street  Brisbane 4000 QLD ,Retail,07 3012 7488
COLES,TANNUM SANDS,4580,Hampton Drive  Tannum Sands 4680 QLD ,Retail,07 4973 3788
COLES,CLIFTON BEACH,4581,Cnr Endeavour Street & Captain Cook Highway  Clifton Beach 4879 QLD ,Retail,07 4059 0622
COLES,BURPENGARY,4582,1 Station Road  Burpengary 4505 QLD ,Retail,07 3491 4400
COLES,MIAMI,4583,Gold Coast Highway  Miami 4220 QLD ,Retail,07 5535 2188
COLES,HELENSVALE,4584,4Cnr Gold Coast Highway  Helensvale 4212 QLD ,Retail,07 5514 3000
COLES,MACKAY,4587,Sydney Road  Mackay 4740 QLD ,Retail,07 9999 9999
COLES,UPPER MOUNT GRAVATT,4595,Building ALogan Road  Upper Mount Gravatt 4122 QLD ,Retail,07 3420 7800
COLES,RIVERLINK,4596,3 The Terrace  North Ipswich 4305 QLD ,Retail,07 3281 3496
COLES,MUDGEERABA,4597,Bell Place  Mudgeeraba 4213 QLD ,Retail,TBA
COLES,CANNONVALE,4598,Whitsunday Shopping CentreCnr Island Drive & Shute Harbour Road  Cannonvale 4802 QLD ,Retail,07 4946 4869
COLES,CLIFFORD GARDENS,4645,Shop 95  98-124 Anzac Ave  Newtown 4350 QLD ,Retail,07 4615 0500
COLES,SIPPY DOWNS,4647,107 Sippy Downs Drive  Sippy Downs 4556 QLD ,Retail,07 5458 1200
COLES,NORTH WARD (Rebadge Bi Lo 4350),4649,26-28 Mitchell Street  North Ward 4810 QLD ,Retail,07 4721 4008
COLES,OCEAN SHORESI(rebadge from 4324),4651,Rajah Road  Ocean Shores 2483 QLD ,Retail,02 6680 2236
COLES,SOUTHPORT PARK,4653,163 Ferry Road  Southport Park Retail Cente  Southport 4215 QLD ,Retail,07 5635 5200
COLES,THURINGOWA,4655,320 Thuringowa Drive  Kirwan 4817 QLD ,Retail,07 4755 9300
COLES,LOGANHOLME (Rebadge Bi Lo 4332),4656,Cnr Pacific Hwy and Bryants Road  Loganholme 4129 QLD ,Retail,07 3801 5977
COLES,TOOWOOMBA NORTH,4658,Northpoint Shopping Centre  Cnr Ruthven and Lones Streets  North Toowoomba 4350 QLD ,Retail,07 4699 5100
COLES,MARYBOROUGH (Rebadge from Bi Lo 4340),4659,Station Square Shopping Centre Cnr Lennox St & Alice St  Maryborough 4650 QLD ,Retail,07 4121 0337
COLES,INDOOROOPILLY,4660,322 Moggill Road  Indooroopilly 4068 QLD ,Retail,07 3720 3400
COLES,WARWICK,4662,Rose City Shoppingworld  81 Palmerin Street  Warwick 4370 QLD ,Retail,07 4542 6800
COLES,PACIFIC PINES,4663,2 Norris Street  Pacific Pines 4211 QLD ,Retail,07 5644 1300
COLES,SPRINGFIELD ORION,4666,Orion Springfield Central  1 Main Street  Springfield Central 4300 QLD ,Retail,07 3470 3100
COLES,RIPLEY VALLEY,4667,622-640 Ripley Road  Ripley 4306 QLD ,Retail,07 3894 8700
COLES,COOMERA CITY CENTRE,4669,1 City Centre Drive  Upper Coomera 4209 QLD ,Retail,07 5680 9400
COLES,ASPLEY HYPERMARKET (Rebadge Pick n Pay 8701),4670,Albany Creek Road  Aspley 4034 QLD ,Retail,07 3630 9700
COLES,SUNNYBANK HILLS (Rebadge Pick n Pay 8702),4671,Sunnybank Hills Shopping Centre Cnr Compton Road & Calam Road  Sunnybank Hills 4109 QLD ,Retail,07 3712 5600
COLES,NORTHSHORE,4674,David Lo Way  Pacific Paradise 4564 QLD ,Retail,07 5448 8488
COLES,BREMER,4782,Cnr Grange Road & Blackstone Road  Silkstone 4304 QLD ,Retail,07 3813 9500
COLES,REDBANK PLAINS,4783,Cnr Argyle Street & Redbank Plains Road  Redbank Plains 4301 QLD ,Retail,07 3201 9300
COLES ,YARRABILBA,4784,2-24 Waldron Street  Yarrabilba 4207 QLD ,Retail,07 3188 8400
COLES ,KALEEN,4785,Gwydir Square  1 Maribyrnong Ave  Kaleen  ACT  2617  Keleen 2617 ACT ,Retail,02 6204 8700
COLES,WANNIASSA,4786,12 Sangster Place  Wanniassa 2903 ACT ,Retail,02 6284 0400
COLES,CANBERRA CIVIC,4787,Shop EG24 Canberra Centre  Cnr Bunda & Petrie Streets  Canberra  ACT  2601  Canberra 2601 ACT ,Retail,02 6276 2100
COLES,FIVE DOCK,4788,4-12 Garfield Street  Five Dock 2046 NSW ,Retail,02 8752 6200
COLES ,SUTHERLAND,4789,822-826 Old Princes Highway  Sutherland 2232 NSW ,Retail,02 9521 9400
COLES,SECRET HARBOUR,4790,420 Secret Harbour Boulevard  Secret Harbour 6173 WA ,Retail,08 9557 2500
COLES,LAKELANDS,4796,49 Banksiadale Gate  Lakelands 6180 WA ,Retail,08 9587 5500
COLES,BUNDABERG CENTRAL,4810,130-130a Takalvan Street  Kensington 4670 QLD ,Retail,TBC
COLES,CLEMTON PARK,4812,Clemton Park Village  Cnr Charlotte Street & Harp Street  Clemton Park 2194 NSW ,Retail,02 8398 3400
COLES,MACARTHUR SQUARE,4813,200 Gilchrist Drive  Campbelltown 2560 NSW ,Retail,02 4629 2100
COLES,TRINITY (ALKIMOS),4815,12K Longstaff Avenue  Alkimos 6038 WA ,Retail,08 9554 0200
COLES,BELMONT FORUM,4824,227 Belmont Avenue  Cloverdale 6105 WA ,Retail,08 6247 6600
COLES,PIMPAMA CITY SHOPPING CENTRE,4835,102 Pimpama Jacob Wells Road  Pimpama 4209 QLD ,Retail,&nbsp
COLES ,BUSSELTON CENTRAL,4836,Busselton Central Shopping Centre  30 Kent Street  Busselton 6280 WA ,Retail,TBA
COLES,CRAIGMORE,4921,York Town Road  Craigmore 5114 SA ,Retail,08 8252 1233
COLES,MUNNO PARA,4924,Main North Road  Munno Para 5115 SA ,Retail,08 8254 9189
COLES,PARALOWIE,4929,Paralowie Shopping Centre Bolivar Road & Liberator Drive  Paralowie 5108 SA ,Retail,08 8280 5653
COLES,CHRISTIES BEACH,4933,Beach Road  Christies Beach 5165 SA ,Retail,08 8382 5699
COLES,ALDINGA BEACH,4934,Aldinga District Pridham Boulevard  Aldinga Beach 5173 SA ,Retail,08 8556 6299
COLES,MOUNT BARKER,4940,Cameron Street  Mount Barker 5251 SA ,Retail,08 8391 2722
COLES,ABERFOYLE PARK,4942,Aberfoyle Hub Shopping Centre Hub Drive  Aberfoyle Park SA ,Retail,08 8370 5231
COLES,ALDGATE,4944,Mount Barker Road  Aldgate 5154 SA ,Retail,08 8339 3844
COLES,ANZAC HIGHWAY,4945,Cnr Marion Road & Anzac Highway  Plympton 5038 SA ,Retail,08 8297 2977
COLES,CASUARINA,4947,Cnr Trower Road &  Bradshaw Terrace  Casuarina 810 NT ,Retail,08 8927 0200
COLES,GREENACRES,4948,Greenacres Shopping CentreCnr Mullers Road & Floridale Road  Greenacres 5086 SA ,Retail,08 8266 3366
COLES,INGLE FARM (WALKEYS ROAD),4949,Ingle Farm Shopping CentreCnr Montague Street & Walkeys Road  Ingle Farm 5098 SA ,Retail,08 8263 4533
COLES,TEA TREE PLAZA (SMART ROAD),4958,North East Road  Modbury 5092 SA ,Retail,08 8395 5544
COLES,BROKEN HILL,4960,7 Gossan Street  Broken Hill North 2880 NSW ,Retail,08 8080 0100
COLES,MCLAREN VALE,4961,178 Main Road  McLaren Vale 5171 SA ,Retail,08 8324 4100
COLES,RUNDLE PLACE,4964,77-81 Rundle Mall  Rundle Mall 5000 SA ,Retail,08 8203 4100
COLES,WHYALLA,4966,Cnr McDowell & Nicolson Ave  Whyalla 5600 SA ,Retail,08 8647 8300
COLES,MURRAY BRIDGE,4970,Murray Bridge Green Shopping Centre  8-10 Riverview Road  Murray Bridge 5253 SA ,Retail,08 8532 8300
COLES,ST CLAIR,4971,Cheltenham Parade  St Clair 5011 SA ,Retail,08 8413 5200
COLES,CHURCHILL CENTRE,4972,390 Churchhill Road  Kilburn 5084 SA ,Retail,08 8440 8300
COLES,GAWLER GREEN,4978,4 Tulloch Road(Cnr Main North Road)  Evanston Gardens 5116 SA ,Retail,08 8522 8200
COLES,PARABANKS,4981,68-84 John Street  Salisbury 5108 SA ,Retail,08 8487 2060
COLES,WARRADALE (Renumber Coles 4957 Oaklands Park),4982,238 Diagonal Road  Warradale 5046 SA ,Retail,08 8296 5533
COLES,LANE COVE PARK,5557,2-20 Rosenthal Avenue  Lane Cove 2066 NSW ,Retail,TBA
COLES,NORTH SYDNEY,5587,99 Walker Street  North Sydney 2060 NSW ,Retail,02 8912 3400
COLES,KIRRAWEE,5588,566-594 Princess Hwy  Kirrawee 2232 NSW ,Retail,02 9575 1400 
COLES,BANORA POINT,5589,Cnr Darlington Drive & Leisure Drive  Banora Point  2486 NSW ,Retail,07 5523 4975
COLES,GLENMORE PARK,5590,1-11 Town Terrace  Glenmore Park 2745 NSW ,Retail,02 4749 0800
COLES,GLEN INNES (Rebadge Bi Lo 4619),5597,Grey Street  Glen Innes 2370 NSW ,Retail,02 6732 2067
COLES,OLD BAR (Rebadge Bi Lo 4167),5598,54 Old Bar Road  Old Bar 2430 NSW ,Retail,02 6557 3100
COLES,ST IVES,5676,166 Mona Vale Road  St Ives 2075 NSW ,Retail,TBA
COLES,SOUTH WEST ROCKS (REBADGE BI LO 4125),5678,255-279 Gregory Street  South West Rocks 2431 NSW ,Retail,02 6566 6645
COLES,Coffs Harbour,5679,195 Harbour Drive Road  Coffs Harbour 2450 NSW ,Retail,03 8544 6824
COLES,KEMPSEY,5680,River Front Plaza Belgrave Street  Kempsey 2440 NSW ,Retail,02 6560 1400
COLES,MOONEE BEACH,5681,Moonee Beach Shop 23 Moonee Beach Road  Moonee Beach 2450 NSW ,Retail,02 6656 4788
COLES,TOORMINA,5682,Toormina Gardens Shopping Centre Cnr Toormina Drive & Minorie Drive  Toorima 2452 NSW ,Retail,02 6658 1444
COLES,LIGHTHOUSE BEACH,5683,Cnr Ocean & Emerald Drives  Port Macquarie 5683 NSW ,Retail,02 6582 4951
COLES,LAKE INNES,5684,Cnr Oxley Hwy & Major Innes Drive  Port Macquarie 2444 NSW ,Retail,02 6581 2333
COLES,LAURIETON,5685,Cnr Bold & Tunis Streets  Laurieton 2443 NSW ,Retail,02 6559 8500
COLES,PORT MACQUARIE,5686,28 Haywood Street  Port Macquarie 2444 NSW ,Retail,02 6588 0700
COLES,GREEN POINT (REBADGE BI LO 4123),5689,7Cnr Avoca Drive & Sun Valley Road  Green Point 2251 NSW ,Retail,02 4365 0722
COLES,THORNTON,5690,Cnr Taylor Avenue & Thomas Cook Drive  Thornton 2322 NSW ,Retail,02 4966 5511
COLES,MOSS VALE (REBADGE BI LO 4129),5691,7 Kirkham Road  Moss Vale  2577 NSW ,Retail,02 4869 5417
COLES,TEA GARDENS,5692,11 Mayall Street  Tea Gardens 2324 NSW ,Retail,02 4997 2603
COLES,SOUTH GRAFTON,5693,Bent Street  South Grafton  2460 NSW ,Retail,02 6642 1688
COLES,CASINO,5694,Canterbury Street  Casino 2470 NSW ,Retail,02 6662 5800
COLES,TENTERFIELD (Rebadge Bi Lo 4357),5695,Rouse Street  Tenterfield 2372 NSW ,Retail,02 6736 4922
COLES,KILLARNEY VALE,5696,Cnr Wyong Street & South Street  Killarney Vale  2261 NSW ,Retail,02-4332 7492
COLES,EDEN (Rebadge Bi Lo 4155),5697,Imlay Street  Eden   2551 NSW ,Retail,02 6496 4800
COLES,THIRROUL (Rebadge from Bi Lo 4143),5698,Thirroul Village Plaza  Lawrence Hargraves Drive  Thirroul 2515 NSW ,Retail,02 4267 1587
COLES,WELLINGTON,5714,Percy Street  Wellington 2820 NSW ,Retail,02 6845 4400
COLES,CHITTAWAY POINT,5726,Cnr Chittaway Road & Wyong Road  Chittaway Point NSW ,Retail,02 4388 4744
COLES,KINCUMBER,5730,Avoca Road  Kincumber 2250 NSW ,Retail,02 4369 5566
COLES,UMINA BEACH,5733,Oscar Street  Umina Beach 2256 NSW ,Retail,02 4341 0416
COLES,HELENSBURGH (Rebadge Bi Lo 4146),5736,19-31 Walker Street  Helensburgh 2508 NSW ,Retail,02 4294 9567
COLES,COWRA,5749,Cnr Kendall Street & Macquarie Street  Cowra 2794 NSW ,Retail,02 6342 3283
COLES,MUDGEE,5753,Church Street  Mudgee 2850 NSW ,Retail,02 6072 7155
COLES,NARROMINE,5755,Kierath Shopping Centre Dandaloo Street  Narromine 2821 NSW ,Retail,02 6889 4703
COLES,PARKES,5757,Bogan Street  Parkes 2870 NSW ,Retail,02 6863 6200
COLES,BUDGEWOI,5759,Cnr Noela Place & Tenth Avenue  Budgewoi 2262 NSW ,Retail,02 4390 6000
COLES,MOUNT ANNAN,5769,Waterworth Drive  Mount Annan 2567 NSW ,Retail,02 4636 9300
COLES,FAIRFIELD WEST,5770,Hamilton Road  Fairfield West 2165 NSW ,Retail,02 9616 5100
COLES,BONNELLS BAY,5771,Fishery Point Road  Bonnells Bay 2264 NSW ,Retail,02 4973 7800
COLES,CHATSWOOD CHASE,5773,Chatswood Chase Shopping Centre Victoria Avenue  Chatswood 2067 NSW ,Retail,02 8448 5200
COLES,STH MUSWELLBROOK,5776,Rutherford Road  South Muswellbrook 2333 NSW ,Retail,02 6542 3000
COLES,NORTH RICHMOND,5777,North Richmond Shopping Centre Riverview Street  North Richmond 2754 NSW ,Retail,02 4571 3091
COLES,WINGHAM,5778,WINGHAMCnr Primrose Street & Isabella Street  Wingham 2429 NSW ,Retail,02 6591 1300
COLES,AMAROO,5784,11 Pioneer Street  Amaroo 2914 ACT ,Retail,02 6223 0500
COLES,MACQUARIE,5791,Cnr Talavera & Herring Roads  North Ryde 2113 NSW ,Retail,02 8870 2300
COLES,Greenacre,5792,13-19 Boronia Road  Greenacre 2190 NSW ,Retail,(02) 8709 0400
COLES,MERRYLANDS,5793,Macfarlane Street  Merrylands 2160 NSW ,Retail,02 8868 1200
COLES,TAMWORTH SOUTH,5796,Southgate Shopping Centre  Kathleen Street  South Tamworth 2340 NSW ,Retail,02 6760 1400
COLES,SHELLHARBOUR,5797,Shop 1201  Shellharbour Square  Lake Entance Road  Shellharbour 2529 NSW ,Retail,02 4295 8300
COLES,MAYFIELD,5798,77 Maitland Road  Mayfield 2304 NSW ,Retail,TBA
COLES,NARELLAN,5800,326 Camden Valley Way   Narellan 2567 NSW ,Retail,02 4645 7100
COLES,TOP RYDE,5801,Top Ryde Shopping Centre  109-129 Blaxland Road  Ryde 2122 NSW ,Retail,02 8878 8100
COLES,TARNEIT CENTRAL,5802,540 Derrimut Road  Tarneit    3029 VIC ,Retail,03 8065 6800
COLES,BUSHLAND BEACH,5803,289 Mt Low Park Way  Bushland Beach 4818 QLD ,Retail,07 4401 6700
COLES,TARNEIT DAVIS ROAD,5804,200 Hummingbird Boulevard   Tarneit 3029 VIC ,Retail,03 9084 7500
COLES,WILLOWDALE,5806,Shop M01 5 Willowdale Drive  Denham Court 2565 NSW ,Retail,02 8763 8100
COLES,LAKE MACQUARIE,5807,Lake Macquarie Fair Wilsons Roads  Mount Hutton 2290 NSW ,Retail,02 4050 2100
COLES,MORNINGTON TYABB,7266,61 Mornington Tyabb Road  Mornington 3931 VIC ,Retail,TBA
COLES,SORELL,7500,Cove Street  Sorell 7172 TAS ,Retail,03 6269 1400
COLES,ARMSTRONG CREEK,7501,500-540 Torquay Road  Armstrong Creek 3217 VIC ,Retail,TBA
COLES,MOWBRAY,7502,385 Invermay Road   Mowbray 7248 TAS ,Retail,036324 4700
COLES,SANDY BAY,7505,Sandy Bay Road  Sandy bay 7005 TAS ,Retail,03 6234 3291
COLES,NEWTOWN,7523,Risdon Road  Newtown 7008 TAS ,Retail,3 6228 0146
COLES,BURNIE,7541,Burnie Plaza Shopping Centre  26 Mount Street  Burnie 7320 TAS ,Retail,03 6431 4188
COLES,LISAROW,7554,11 Parsons Road  Lisarow 2250 NSW ,Retail,02 4328 0000
COLES,MEDOWIE (Rebadge Bi Lo 4128),7555,Cnr Ferodale Road & Medowie Rds  Medowie 2318 NSW ,Retail,02 4982 9600
COLES,REVESBY,7558,20-30 Blamey Street  Revesby 2212 NSW ,Retail,02 8723 6400
COLES,RACECOURSE,7562,15 Racecourse Cresent  Launceston 7250 TAS ,Retail,03 6331 8533
COLES,SALAMANDER BAY,7565,Salamander Bay  Salamander Bay 2317 NSW ,Retail,02 4919 2500
COLES,EAST VILLAGE (Next Gen),7569,2-4 Defries Avenue  Zetland 2017 NSW ,Retail,02 8344 6200
COLES,CROWS NEST,7577,101-111 Willoughby Road  Crows Nest 2065 NSW ,Retail,TBA
COLES,NARRANDERA,7579,East Street  Narrandera 2700 NSW ,Retail,02 6959 2388
COLES,WOLLONGONG,7587,200 Crown Street  Wollongong 2500 NSW ,Retail,02 4220 6700
COLES,VINCENTIA (Rebadge Bi Lo 4122),7591,1 Burton Street  VINCENTIA 2540 NSW ,Retail,02 4441 7396
COLES,WETHERILL PARK,7596,Stocklands Shopping Centre  581-583 Polding Street  Wetherill Park 2164 NSW ,Retail,TBC
COLES,HAMILTON,7600,179-183 Gray Street  Hamilton 3300 VIC ,Retail,03 5551 0200
COLES,SPRING HILL,7601,91s Spring Hill Drive  Cranbourne 3977 VIC ,Retail,03 5991 8100
COLES,EASTLANDS,7602,Eastlands S/C  1 Bligh Street  Rosny 7018 TAS ,Retail,03 6244 3944
COLES,ULVERSTONE,7606,Reiby Street  Ulverston 7315 TAS ,Retail,3 6425 2700
COLES,CHURCHILL BAKERY HUB,7609,390 Churchhill Road  Kilburn 5082 SA ,Retail,08 8360 3800
COLES,CRAIGIEBURN,7611,340 Craigieburn Road  Craigieburn 3064 VIC ,Retail,03 8358 7200
COLES,DEER PARK,7612,28-72 Neale Road  Deer Park 3023 VIC ,Retail,03 9363 9100
COLES,MOWBRAY,7614,Invermay Road  Mowbray 7248 TAS ,Retail,3 6326 3555
COLES,WOODEND,7616,61 High Street  Woodend 3442 VIC ,Retail,TBA
COLES,KANGAROO FLAT,7618,Lansell Square  267 High Street  Kangaroo Flat 3555 VIC ,Retail,03 5446 0300
COLES,MELTON SOUTH,7619,25 Station Road  Melton South 3338 VIC  ,Retail,03 5446 0300
COLES,DRYSDALE,7620,26-32 Murradoc Road  Drysdale 3222 VIC ,Retail,03 5216 3500
COLES,DEVONPORT,7621,Cnr Gunn Street & Best Street  Devonport 7310 TAS ,Retail,03 6424 6510
COLES,CARDINIA LAKES,7623,140 Windemere Blvd  Pakenham 3810 VIC ,Retail,03 5945 2900
COLES,KINGSTON,7629,Cnr John Street & Channel Highway  Kingston 7050 TAS ,Retail,03 6229 4033
COLES,NORTHGATE,7645,Northgate Shopping CentreCnr Main Road & Riddoch Street  Glenorchy 7010 TAS ,Retail,03 6273 1555
COLES,MEADOW MEWS,7646,Meadow Mews Shopping Centre Hobart Road  Kings Meadows 7249 TAS ,Retail,03 6343 1200
COLES,BRIDGEWATER,7647,Covehill Fair Shopping Centre Cnr Derwent Highway & Covehill RoadEast  Bridgewater 7030 TAS ,Retail,03 6263 5511
COLES,CHARLES,7656,198 Charles Street  Launceston South 7250 TAS ,Retail,03 6334 5731
COLES,WELLINGTON,7658,Wellington Wellington Street  Launceston 7250 TAS ,Retail,03 6334 2299
COLES,NEWSTEAD ,7659,Elphin Road  Newstead 7250 TAS ,Retail,03 6333 0389
COLES,BALLARAT ROAD BRAYBROOK,7691,330 Ballarat Road   Braybrook 3019 VIC ,Retail,TBA
COLES,TORQUAY,7693,Torquay Central 41-57 Bristol Road  Torquay 3228 VIC ,Retail,03 5264 3100 
COLES,BERWICK CENTRAL,7695,2 Richardson Grove  Berwick 3806 VIC ,Retail,03 8768 5400
COLES,CASEY CENTRAL,7697,Casey Central Shopping Centre  Cnr Littlecroft Cres & Narre Warren Cranbourne Rds  Narre Warren South 3805 VIC ,Retail,03 9705 4300
COLES,WODONGA,7698,Cnr Hovell Street and Elgin Boulevard  Wodonga 3689 VIC ,Retail,02 6048 6700
COLES,HUNTLEE,7702,22 Empire Street  Branxton 2335 NSW ,Retail,TBA
COLES,ROXBURGH PARK,7703,250 Somerton Road  Roxburgh Park 3064 VIC ,Retail,03 9303 2600
COLES,LACHLANS SQUARE,7704,15 Halifax Street  Macquarie Park 2113 NSW ,Retail,TBA
COLES,MILL PARK LAKES,7705,290 Gordons Road  South Morang 3752 VIC ,Retail,03 9407 3600
COLES,MOUNT GAMBIER,7707,11 Ferrers Street  Mount Gambier 5290 SA ,Retail,TBA
COLES ,CHULLORA,7708,355-357 Waterloo Road  Chullora 2190 NSW ,Retail,TBA
COLES,HALLAM,7716,2-4 Princes Domain Drive  Hallam 3803 VIC ,Retail,03 8795 1400
COLES,TARNEIT WEST,7717,540 Tarneit Road  Tarneit West 3029 VIC ,Retail,03 8754 2700
COLES,HOPPERS CROSSING,7718,50 Old Geelong Road  Hoppers Crossing 3029 VIC ,Retail,TBC
COLES,WARRNAMBOOL,7730,Market Arcade Shop 5  Warrnambool 3280 VIC ,Retail,03 5564 4900
COLES,BERWICK NORTH,7731,PARKHILL JUNCTION SHOPPINGCENTRE Parkhill Drive  Berwick 3806 VIC ,Retail,03 8794 5100
COLES,DONCASTER,7735,Doncaster Road  Doncaster 3108 VIC ,Retail,03 9856 1700
COLES,NORTHLAND,7739,Murray Road  Preston 3072 VIC ,Retail,03 8470 7500
COLES,KIALLA,7749,RIVERSIDE PLAZA Shop 1 Goulburn Valley Highway  Shepparton South 3630 VIC ,Retail,03 5823 9000
COLES,ELSTERNWICK,7757,441-459 Glenhuntly Road  Elsternwick 3185 VIC ,Retail,03 9084 7600
COLES,CLYDE NORTH,7758,280 Berwick-Cranbourne Road  Cranbourne East 3977 VIC ,Retail,03 5991 6300
COLES,MERNDA,7762,1435 Plenty Road  Mernda 3754 VIC ,Retail,TBA
COLES,KEW,7766,363-369 High Street  Kew 3101 VIC ,Retail,TBA
COLES,FOOTSCRAY,7770,Footscray Plaza Shopping Centre  18 Albert Street  Footscray 3011 VIC ,Retail,03 9680 1300
COLES,AURORA VILLAGE,7771,Aurora Town Centre  315 Harvest Home Road  Epping North 3076 VIC ,Retail,03 8535 4000
COLES,YARRAVILLE,7774,Cnr High Street & Williamstown Road  Yarraville 3013 VIC ,Retail,03 9572 1034
COLES,COLAC,7775,140-144 Bromfield Street  Colac 3250 VIC ,Retail,03 5216 3700
COLES,LARA,7776,120 Station Lake Road  Lara 3212 VIC ,Retail,03 5283 8400
COLES,WERRIBEE,7777,Watton Street  Werribee 3030 VIC ,Retail,03 9741 2111
COLES,WALLAN,7778,Shop 8 High Street  Wallen 3756 VIC ,Retail,03 5783 3233
COLES,SEYMOUR,7780,Seymour Central Tallarook Street  Seymour 3660 VIC ,Retail,03 5799 1122
COLES,BAY CITY,7781,Bay City Shopping Centre Level 1 Moorabool Street  Geelong 3220 VIC ,Retail,03 5223 5900
COLES,BURNTBRIDGE,7782,Maroondah Highway  East Ringwood 3135 VIC ,Retail,03 9870 6334
COLES,SEPARATION STREET,7784,Northcote Plaza Separation Street  Northcote 3070 VIC ,Retail,03 9482 9300
COLES,LALOR PLAZA,7786,Lalor PlazaCnr McKimmies Road & Darebin Road  Lalor 3075 VIC ,Retail,03 9466 1511
COLES,HAMPTON,7787,Bluff Road  Hampton 3188 VIC ,Retail,03 9598 8744
COLES,ESSENDON,7789,Mt Alexander Road  Essendon 3040 VIC ,Retail,03 9379 6700
COLES,BURNSIDE,7793,Shop 2 Westwood Drive  Burnside 3951 VIC ,Retail,03 8361 8399
COLES,UNION SQUARE,7794,Union Street  Brunswick West 3055 VIC ,Retail,03 9388 2219
COLES,BRAYBROOK,7795,Ashley Street  Braybrook 3019 VIC ,Retail,03 9687 8099
COLES,BELMONT (HIGH STREET),7796,A High Street  Belmont 3215 VIC ,Retail,03 5243 1922
COLES,BALWYN,7797,Belmore Road  Balwyn 3129 VIC ,Retail,03 9857 8088
COLES,BALLARAT(VICTORIA STREET),7798,Victoria Street  Ballarat 3350 VIC ,Retail,03 5338 8811
COLES,ARDEER,7799,2615 The Avenue  Sunshine West 3020 VIC ,Retail,03 9360 4855
COLES,MIDDLE CAMBERWELL,7801,735 Riversdale Road  Canterbury 3126 VIC ,Retail,TBA
COLES,COLES LOCAL SURREY HILLS,7802,124-138 Union Road  Surrey Hills 3127 VIC ,Retail,TBA
COLES,BAYSWATER,7804,High Street  Bayswater 3084 VIC ,Retail,03 8720 7100
COLES,AIRPORT WEST,7808,Shop 1-M01 Louis Street  AIRPORT WEST 3042 VIC ,Retail,TBA
COLES,WAURN PONDS,7810,173-199 Pioneer Road  Waurn Ponds 3216 VIC ,Retail,03 5247 3000
COLES,SUMMERHILL,7812,850 Plenty Road  Reservoir 3073 VIC ,Retail,03 9466 0300
COLES,BRIGHTON,7819,380 Bay Street  Brighton 3186 VIC ,Retail,03 9591 6700
COLES,EDMONDSON PARK,7823,Lot 100 Soldiers Parade  Edmondson Park 2174 NSW ,Retail,TBA
COLES,FAIRFIELD CENTRAL,7824,2-30 Lakeside Drive  Idalia 4811 QLD ,Retail,07 4409 1300
COLES,BENALLA,7831,Carrier Street  Bennalla 3672 VIC ,Retail,03 5762 3611
COLES,VICTOR HARBOUR,7832,Adelaide Road  McCracken 5211 SA ,Retail,TBA
COLES,PALM BEACH,7834,10th Fifth Avenue    Palm Beach 4221 QLD ,Retail,TBA
COLES,BUDERIM,7835,141 Jones Road  Buderim 4556 QLD ,Retail,TBA
COLES,BIRTINYA,7836,8 The Avenue  Birtinya 4575 QLD ,Retail,TBA
COLES,MCIVOR RD,7838,McIvor Road  Bendigo 3550 VIC ,Retail,03 5443 0833
COLES,MILDURA,7840,832 Fifteenth Street  Mildura 3500 VIC ,Retail,03 5024 4300
COLES,TAYLORS HILL,7841,1Cnr Gourlay Road & Hume Drive  Taylors Hill 3037 VIC ,Retail,03 8348 3100
COLES,COLLINGWOOD,7842,170 Smith Street  Collingwood 3066 VIC ,Retail,03 9230 1600
COLES,MERRIFIELD,7843,200 Donnybrook Road  Mickleham 3064 VIC ,Retail,TBA
COLES,WOODLEA,7844,Woodlea Local Town Centre  68 Fields Street  Rockbank 3335 VIC ,Retail,TBA
COLES,MOOROOPNA,7847,Echuca Road  Mooroopna 3629 VIC ,Retail,03 5825 1611
COLES,CHADSTONE,7862,Chadstone Shopping Centre Shop 300Cnr Dandenong Road & Chadstone Road  Chadstone 3148 VIC ,Retail,03 9569 7129
COLES,COWES,7868,112-114 Thompson Avenue  Cowes 3922 VIC ,Retail,TBA
COLES,COBURG,7880,Victoria Street  Coburg 3058 VIC ,Retail,03 9354 7055
COLES,EASTLAND,7881,Eastland Shopping Centre Maroondah Highway  Ringwood 3134 VIC ,Retail,03 9879 6956
COLES,HAMPTON PARK,7891,Hampton Park Food Market Hallam Road  Hampton Park 3976 VIC ,Retail,03 9799 7173
COLES,KNOX,7892,Knox City Shopping Centre Burwood Highway  Wantirna South 3152 VIC ,Retail,03 9887 3700
COLES,MYRTLEFORD,7894,Clyde Street  Myrtleford 3737 VIC ,Retail,03 5752 1111
COLES,SUNSHINE,7896,Hampshire Street  Sunshine 3020 VIC ,Retail,03 9311 0531
COLES,GEELONG WEST,7917,Shannon Avenue  Geelong West 3218 VIC ,Retail,03 5223 8100
COLES,CRANBOURNE PARK,7918,Cranbourne Park SC  123-139 High Street  Cranbourne 3977 VIC ,Retail,03 5991 1100
COLES,COBURG NORTH,7919,174 Gaffney Street  Coburg North 3058 VIC ,Retail,03 8371 9300 
COLES,CARRUM DOWNS,7935,Ballarto Road  Carrum Downs 3201 VIC ,Retail,03 8770 5400
COLES,MARYBOROUGH,7992,Burke Street  Maryborough 3465 VIC ,Retail,03 5460 3000
COLES,FLEMINGTON,7994,Royal Melbourne Showgrounds Shop 1A Epsom Road  Ascot Vale 3031 VIC ,Retail,03 8371 5000
COLES,BRUNSWICK EAST,7997,127-139 Nicholson Street  East Brunswick 3057 VIC ,Retail,TBA
COLES,RICHMOND ICON,7998,160 Swan Street  Richmond 3121 VIC ,Retail,03 9214 3000
COLES,COLES INNOVATION CENTRE - NON-TRADING STORE,8700,Toorak Road  Tooronga 3146 VIC ,Retail,03 9829 4772
COLES,FERNY GROVE,8712,McGinn Road  Ferny Grove 4055 QLD ,Retail,07 3851 4030
COLES,JINDALEE,8714,Sinnamon Road  Jindalee 4074 QLD ,Retail,07 3715 8977
COLES,KALLANGUR,8715,Nellies Lane  Kallangur 4053 QLD ,Retail,07 3491 8155
COLES,MORAYFIELD,8721,Morayfield Vilage Shopping Centre Morayfield Road  Morayfield 4506 QLD ,Retail,07 5498 9337
COLES,RODE,8726,Rode Shopping Centre Appleby Road  Stafford Heights 4053 QLD ,Retail,07 3359 6511
COLES,RUNCORN,8727,Runcorn Shopping PlazaCnr Daw Road & Warrigul Road  Runcorn 4113 QLD ,Retail,07 3841 3284
COLES,VICTORIA POINT,8729,Koala Park Shopping CentreCnr Redland Bay Road & Bunker Road  Victoria Point 4165 QLD ,Retail,07 3820 5000
COLES,YEPPOON,8731,James Street  Yeppoon 4703 QLD ,Retail,07 4939 1266
COLES,HELENSVALE PLAZA (Rebadge Bi Lo 4349),8732,Cnr Discovery & Sir John Overall Drive  Helensvale 4210 QLD ,Retail,07 5580 7300
COLES,ORMEAU,8736,Pascoe Road  Ormeau 4208 QLD ,Retail,07 5547 5055
COLES,UPPER COOMERA (Rebadge Bi Lo 4366),8737,658 Reserve Road  Upper Coomera 4209 QLD ,Retail,07 5561 8311
COLES,BENOWA,8739,Benowa Garden Shopping CentreCnr Benowa Road & Ashmore Road  Benowa 4217 QLD ,Retail,07 5597 3591
COLES,MERMAID WATERS,8741,Allendale Close  Mermaid Waters 4225 QLD ,Retail,07 5578 5900
COLES,ALSTONVILLE,8750,Cnr Bruxner Highway & Main Street  Alstonville 4277 QLD ,Retail,07 6628 5186
COLES,WATERFORD,8757,Waterford Plaza Shopping CentreCnr Kingston Beenleigh Road & Tygun Road  Waterford QLD ,Retail,07 3805 5500
COLES,PEREGIAN SPRINGS,8758,Cnr Havana Road & Peregian Drive  Peregian Springs 4573 QLD ,Retail,07 5471 4100
COLES,CAPALABA CENTRAL,8759,Capalaba Cental Shopping Centre Shop 2  Capalaba 4157 QLD ,Retail,07 3900 3700
COLES,ARMIDALE,8760,Marsh Street  Armidale 2350 NSW ,Retail,02 6771 4777
COLES,TAMWORTH,8761,Peel Street  Tamworth 2340 NSW ,Retail,02 6766 4856
COLES,NARRABRI,8769,Maitland Street  Narrabri 2390 NSW ,Retail,02 6799 2500
COLES,TAMWORTH NORTH,8770,Northgate Shopping Centre Piper Street  Tamworth North 2340 NSW ,Retail,02 6766 3488
COLES,FOUNTAIN GATE,8786,352 Princess Highway  Narre Warren     3805 VIC ,Retail,03 8794 0400
COLES,WONTHAGGI,8787,2 Biggs Drive  Wonthaggi 3995 VIC ,Retail,03 5672 0100
